Location,Heatwave_id,duration,Date,temp_mean,intensity_mean,Month,Year,Medium
Pittsburg,1,3,1999-11-01,28.231223874991244,1.115128000207975,Nov,1999,Air
Pittsburg,2,4,2000-05-20,39.6431794737902,1.0823922319171928,May,2000,Air
Pittsburg,3,3,2000-09-17,42.82262598434285,1.0466101458299222,Sep,2000,Air
Pittsburg,4,3,2000-10-01,37.79083754851316,1.0992119818176127,Oct,2000,Air
Pittsburg,5,4,2001-05-18,39.31879772186778,1.0735355182752246,May,2001,Air
Pittsburg,6,3,2001-10-01,38.598932926327485,1.1227168358871908,Oct,2001,Air
Pittsburg,7,3,2002-07-08,44.53667083985571,1.038101821259482,Jul,2002,Air
Pittsburg,8,3,2002-10-06,35.38928660369171,1.0293587119581038,Oct,2002,Air
Pittsburg,9,3,2004-03-08,29.50753832695895,1.0674162253898944,Mar,2004,Air
Pittsburg,10,6,2004-03-13,29.28799400761124,1.0594743508062794,Mar,2004,Air
Pittsburg,11,4,2004-04-24,35.39213449743305,1.103355004780045,Apr,2004,Air
Pittsburg,12,6,2006-07-20,49.585702834413084,1.155789318108862,Jul,2006,Air
Pittsburg,13,3,2006-11-05,27.772029036758838,1.0969898910019642,Nov,2006,Air
Pittsburg,14,3,2007-03-11,29.58126636772674,1.0700832898569377,Mar,2007,Air
Pittsburg,15,4,2008-05-15,40.40198919012432,1.1031102911991524,May,2008,Air
Pittsburg,16,3,2008-07-07,46.490871057140005,1.0836521232109484,Jul,2008,Air
Pittsburg,17,3,2009-04-19,35.23272923179909,1.098385522149991,Apr,2009,Air
Pittsburg,18,3,2009-11-01,28.43333981493897,1.123111541584788,Nov,2009,Air
Pittsburg,19,3,2010-11-02,29.04146366090024,1.1471323184107727,Nov,2010,Air
Pittsburg,20,3,2012-04-20,34.45316219321992,1.0740824049237534,Apr,2012,Air
Pittsburg,21,3,2012-10-01,36.68059592772707,1.066918680810086,Oct,2012,Air
Pittsburg,22,3,2012-11-04,28.805446330764457,1.1378096785374836,Nov,2012,Air
Pittsburg,23,4,2013-06-27,43.4996185439565,1.036918387762297,Jun,2013,Air
Pittsburg,24,3,2013-07-02,45.43332339800169,1.0590018264932661,Jul,2013,Air
Pittsburg,25,3,2014-10-04,35.05994235810502,1.0197791639942135,Oct,2014,Air
Pittsburg,26,5,2014-11-06,26.465799955792818,1.0453940895120584,Nov,2014,Air
Pittsburg,27,4,2014-12-03,19.745362679067952,1.0981713025234683,Dec,2014,Air
Pittsburg,28,3,2014-12-21,19.734474635858998,1.0975657458270909,Dec,2014,Air
Pittsburg,29,4,2015-01-28,21.547486815069654,1.1486783409742087,Jan,2015,Air
Pittsburg,30,4,2015-02-13,24.22652566228234,1.0446295218802673,Feb,2015,Air
Pittsburg,31,5,2015-03-26,29.415882856098648,1.0641006476667385,Mar,2015,Air
Pittsburg,32,3,2015-08-15,44.189520205933924,1.0466113088209748,Aug,2015,Air
Pittsburg,33,4,2015-10-11,36.649566828619015,1.0660161457053587,Oct,2015,Air
Pittsburg,34,4,2016-02-14,25.122261893531515,1.0832529928651078,Feb,2016,Air
Pittsburg,35,3,2017-08-31,43.15983399434092,1.0440947069384205,Aug,2017,Air
Pittsburg,36,3,2018-01-30,19.600147542358272,1.0448673274537068,Jan,2018,Air
Pittsburg,37,5,2018-02-02,25.048761001798418,1.0800836898268082,Feb,2018,Air
Pittsburg,38,4,2018-03-28,29.22152810047369,1.057069989353699,Mar,2018,Air
Pittsburg,39,3,2018-11-01,28.533595064182308,1.1270716049562564,Nov,2018,Air
Pittsburg,40,5,2019-04-22,34.93836088541889,1.0892085456030982,Apr,2019,Air
Pittsburg,41,3,2019-06-10,45.456511095875534,1.0835656444022486,Jun,2019,Air
Pittsburg,42,4,2019-08-13,45.00377916107642,1.0658967101285555,Aug,2019,Air
Pittsburg,43,3,2019-12-06,18.980170877571435,1.0556138832960906,Dec,2019,Air
Pittsburg,44,4,2020-02-25,24.61104828123601,1.061209847313191,Feb,2020,Air
Pittsburg,45,4,2020-05-25,39.22565599888105,1.0709924357382938,May,2020,Air
Pittsburg,46,3,2020-08-14,45.11314933427682,1.0684870994241578,Aug,2020,Air
Pittsburg,47,3,2020-09-05,44.44238420664642,1.0861979887117248,Sep,2020,Air
Pittsburg,48,5,2020-10-01,36.01469762680688,1.0475498750749968,Oct,2020,Air
Pittsburg,49,3,2021-01-16,22.86119949035912,1.2187112552216801,Jan,2021,Air
Pittsburg,50,4,2021-10-01,35.1209128326732,1.021552595876913,Oct,2021,Air
Pittsburg,51,3,2021-12-01,20.536079694930137,1.1421483491521114,Dec,2021,Air
Pittsburg,52,3,2022-01-19,19.078962888342804,1.0170834133084614,Jan,2022,Air
Pittsburg,53,4,2022-02-10,25.056836863705968,1.0804319149037696,Feb,2022,Air
Pittsburg,54,4,2022-09-05,43.90815747087701,1.0731411733255243,Sep,2022,Air
Isleton,55,3,1999-08-24,44.81881925614274,1.0369884072208955,Aug,1999,Air
Isleton,56,4,2000-05-20,41.71252660786388,1.0510373035724785,May,2000,Air
Isleton,57,4,2000-09-17,44.12888273320091,1.0454268758137024,Sep,2000,Air
Isleton,58,3,2000-10-01,38.42354198871946,1.095082560503128,Oct,2000,Air
Isleton,59,4,2001-05-18,42.4930314793954,1.07070381150933,May,2001,Air
Isleton,60,3,2001-10-01,41.69096516395034,1.1882051086021441,Oct,2001,Air
Isleton,61,3,2002-09-01,44.85654032214063,1.0626653090744442,Sep,2002,Air
Isleton,62,3,2002-12-04,18.29096581048832,1.0261586911101457,Dec,2002,Air
Isleton,63,3,2004-03-08,29.788566476078984,1.0177300824625806,Mar,2004,Air
Isleton,64,5,2004-03-14,30.295094786495007,1.0350356852529432,Mar,2004,Air
Isleton,65,3,2004-04-25,37.45599122951147,1.113631004613591,Apr,2004,Air
Isleton,66,3,2005-12-23,20.15701648834464,1.130847756792846,Dec,2005,Air
Isleton,67,6,2006-07-20,50.299266044370334,1.0950975971680208,Jul,2006,Air
Isleton,68,3,2008-05-15,44.01046543015502,1.10893884107129,May,2008,Air
Isleton,69,3,2008-07-07,49.211088070729595,1.0714061762400506,Jul,2008,Air
Isleton,70,4,2009-04-19,36.15005799337124,1.0748033646558142,Apr,2009,Air
Isleton,71,3,2009-11-01,29.64271098650847,1.1301419092898484,Nov,2009,Air
Isleton,72,4,2010-11-02,28.593427082985517,1.0901374807254618,Nov,2010,Air
Isleton,73,3,2012-04-20,36.969198647619166,1.0991578243768325,Apr,2012,Air
Isleton,74,3,2012-10-01,38.07364823031547,1.0851104826304119,Oct,2012,Air
Isleton,75,3,2012-11-04,29.22915878884366,1.1143750426738819,Nov,2012,Air
Isleton,76,3,2013-04-27,36.090585339922576,1.0730351404376577,Apr,2013,Air
Isleton,77,4,2013-06-27,46.687027252917716,1.0559712626060915,Jun,2013,Air
Isleton,78,3,2013-07-02,49.19454012575541,1.071045900311505,Jul,2013,Air
Isleton,79,3,2013-12-01,18.42763143852521,1.0338258981586472,Dec,2013,Air
Isleton,80,7,2014-01-16,19.310383613913924,1.0299941013070704,Jan,2014,Air
Isleton,81,5,2014-10-04,35.72236722490286,1.018098263282556,Oct,2014,Air
Isleton,82,4,2014-11-07,27.251079955678932,1.0389598827630329,Nov,2014,Air
Isleton,83,4,2014-12-03,19.966687037158913,1.120169905085504,Dec,2014,Air
Isleton,84,3,2014-12-21,18.72552260078345,1.0505381706719397,Dec,2014,Air
Isleton,85,4,2015-01-28,21.16167604836302,1.128739953559484,Jan,2015,Air
Isleton,86,4,2015-02-13,24.491748557294564,1.0366150814876098,Feb,2015,Air
Isleton,87,5,2015-03-26,32.0881420826023,1.0962953693667115,Mar,2015,Air
Isleton,88,3,2015-10-11,38.12997625942584,1.086715848485657,Oct,2015,Air
Isleton,89,4,2016-02-13,25.11737420611481,1.0630947336617045,Feb,2016,Air
Isleton,90,3,2016-02-29,25.855384851868795,1.0943310891998692,Feb,2016,Air
Isleton,91,3,2016-05-30,42.445183202315576,1.0694981707051814,May,2016,Air
Isleton,92,3,2016-11-08,27.376277238920423,1.0437330864280026,Nov,2016,Air
Isleton,93,3,2017-03-12,31.521513278578553,1.0769364257294656,Mar,2017,Air
Isleton,94,4,2017-05-20,41.88155684356272,1.05529638585779,May,2017,Air
Isleton,95,7,2017-06-16,49.76143612560739,1.1255085111756844,Jun,2017,Air
Isleton,96,3,2017-08-26,45.86738803361145,1.0612495029939575,Aug,2017,Air
Isleton,97,4,2017-08-31,44.138977369071924,1.0396541759903826,Aug,2017,Air
Isleton,98,3,2018-01-30,20.02226992901362,1.0679653151376225,Jan,2018,Air
Isleton,99,6,2018-02-04,24.996139484461448,1.057963465039873,Feb,2018,Air
Isleton,100,3,2018-03-28,30.58566138702896,1.0449629293370035,Mar,2018,Air
Isleton,101,3,2018-11-01,28.029301621837497,1.0686299395956707,Nov,2018,Air
Isleton,102,3,2019-01-29,19.34995877014147,1.032104995543439,Jan,2019,Air
Isleton,103,4,2019-04-23,36.84082461265488,1.0953410436474802,Apr,2019,Air
Isleton,104,3,2019-06-10,49.44575944393176,1.1183685084010704,Jun,2019,Air
Isleton,105,4,2019-08-13,45.273178592097494,1.0475010751563205,Aug,2019,Air
Isleton,106,3,2019-11-07,27.13235064930465,1.034433273673346,Nov,2019,Air
Isleton,107,5,2020-02-24,26.34974857240444,1.1152550704847801,Feb,2020,Air
Isleton,108,5,2020-08-14,45.86916755965843,1.0612906764990095,Aug,2020,Air
Isleton,109,3,2020-10-03,36.00465778628786,1.026143629606621,Oct,2020,Air
Isleton,110,3,2021-01-16,23.056025020960117,1.2297823930367724,Jan,2021,Air
Isleton,111,3,2021-12-01,19.62212470557528,1.1008392893680456,Dec,2021,Air
Isleton,112,4,2022-02-10,25.909963680767053,1.0966411421972495,Feb,2022,Air
Isleton,113,3,2022-02-28,24.108034831414592,1.0203743694661518,Feb,2022,Air
Isleton,114,3,2022-03-22,30.639378939772218,1.046798196214548,Mar,2022,Air
Isleton,115,6,2022-09-04,45.087663514585024,1.0681406889626244,Sep,2022,Air
Isleton,116,4,2022-10-05,38.581635163754314,1.099588263776555,Oct,2022,Air
West Sacramento,117,3,1999-08-24,46.362675111075724,1.0332389618312252,Aug,1999,Air
West Sacramento,118,3,1999-10-01,35.960214628121165,1.0251830369828334,Oct,1999,Air
West Sacramento,119,4,2000-05-20,41.699056588187766,1.049028746565764,May,2000,Air
West Sacramento,120,3,2000-06-26,46.32486312401968,1.0305559456101907,Jun,2000,Air
West Sacramento,121,4,2000-09-17,45.00283440915831,1.0573943514716846,Sep,2000,Air
West Sacramento,122,3,2000-10-01,39.39354383695599,1.1230631776236697,Oct,2000,Air
West Sacramento,123,3,2001-05-19,42.191954208531556,1.0614286379580542,May,2001,Air
West Sacramento,124,3,2001-10-01,42.76446118212551,1.219164030109587,Oct,2001,Air
West Sacramento,125,3,2002-09-01,46.009062049983825,1.0810368494981437,Sep,2002,Air
West Sacramento,126,3,2002-10-06,36.9868248536051,1.0544504760024052,Oct,2002,Air
West Sacramento,127,3,2002-12-04,17.968381128560864,1.0350455788469166,Dec,2002,Air
West Sacramento,128,3,2003-09-01,43.7487747266611,1.027928749091514,Sep,2003,Air
West Sacramento,129,4,2004-03-15,29.690308281507086,1.0357529894321105,Mar,2004,Air
West Sacramento,130,3,2004-04-25,36.67182370238786,1.0996480191420286,Apr,2004,Air
West Sacramento,131,3,2005-12-23,19.62407111338799,1.1304194796160003,Dec,2005,Air
West Sacramento,132,6,2006-07-20,49.63500908225842,1.0609553860983394,Jul,2006,Air
West Sacramento,133,3,2008-05-15,43.389138944283836,1.0915463745571512,May,2008,Air
West Sacramento,134,3,2008-07-07,49.19178140178348,1.0514813313220333,Jul,2008,Air
West Sacramento,135,4,2009-04-19,35.5382345975622,1.0656560087157416,Apr,2009,Air
West Sacramento,136,3,2009-11-01,28.993073039382697,1.1166831133380515,Nov,2009,Air
West Sacramento,137,4,2010-11-02,28.720152701789775,1.1061714462283747,Nov,2010,Air
West Sacramento,138,3,2012-04-20,37.72581423714812,1.1312531722740256,Apr,2012,Air
West Sacramento,139,3,2012-08-11,45.64013893993541,1.017136514732003,Aug,2012,Air
West Sacramento,140,3,2012-10-01,37.552303492674326,1.0705716008217372,Oct,2012,Air
West Sacramento,141,4,2012-11-04,28.40579707950971,1.0940638778272538,Nov,2012,Air
West Sacramento,142,4,2013-04-26,36.242688939232686,1.086779905571286,Apr,2013,Air
West Sacramento,143,3,2013-06-06,49.40230483341193,1.0990175801840991,Jun,2013,Air
West Sacramento,144,3,2013-06-28,48.91348686670519,1.0881431980933831,Jun,2013,Air
West Sacramento,145,3,2013-07-02,51.303279194597735,1.0966148972756211,Jul,2013,Air
West Sacramento,146,3,2013-12-01,18.452101765972316,1.062909686557428,Dec,2013,Air
West Sacramento,147,7,2014-01-15,19.209519287457105,1.0427033657150255,Jan,2014,Air
West Sacramento,148,3,2014-01-23,20.93864950949688,1.1365615136103606,Jan,2014,Air
West Sacramento,149,4,2014-11-07,26.64666885405975,1.0263101498630611,Nov,2014,Air
West Sacramento,150,4,2014-12-03,19.74149802493924,1.1371837064413972,Dec,2014,Air
West Sacramento,151,3,2014-12-21,18.17106298767747,1.0467208077220245,Dec,2014,Air
West Sacramento,152,4,2015-01-28,21.213429331347083,1.1514767148075538,Jan,2015,Air
West Sacramento,153,5,2015-03-26,32.66026638435524,1.1393606365588027,Mar,2015,Air
West Sacramento,154,3,2015-10-11,38.380356146028,1.0941783991327505,Oct,2015,Air
West Sacramento,155,4,2016-02-13,26.129307397859613,1.1126636005826207,Feb,2016,Air
West Sacramento,156,3,2016-02-24,24.588745273958242,1.0470618847161786,Feb,2016,Air
West Sacramento,157,3,2016-02-29,26.480544538740844,1.1276203223923718,Feb,2016,Air
West Sacramento,158,3,2016-05-30,42.80311406392602,1.0768036682228246,May,2016,Air
West Sacramento,159,3,2016-11-08,26.546387077929396,1.022447745700929,Nov,2016,Air
West Sacramento,160,3,2017-03-12,29.44591943243999,1.0272274302292517,Mar,2017,Air
West Sacramento,161,3,2017-05-21,42.094491733374475,1.0589767614285457,May,2017,Air
West Sacramento,162,9,2017-06-16,49.20506307749387,1.0946296845579477,Jun,2017,Air
West Sacramento,163,3,2017-08-26,47.53751522744656,1.0594214584030568,Aug,2017,Air
West Sacramento,164,3,2018-01-31,19.220519986657322,1.0433004897715745,Jan,2018,Air
West Sacramento,165,4,2018-02-03,24.77862544064025,1.055147546793733,Feb,2018,Air
West Sacramento,166,4,2018-03-28,30.26324272407583,1.0557399345326037,Mar,2018,Air
West Sacramento,167,3,2018-11-01,27.075957887752253,1.0428444376915524,Nov,2018,Air
West Sacramento,168,3,2019-01-29,19.069027029387787,1.0350773679920404,Jan,2019,Air
West Sacramento,169,4,2019-04-23,37.508705662427516,1.1247429148058452,Apr,2019,Air
West Sacramento,170,5,2020-02-24,25.312542431716775,1.0778833197959714,Feb,2020,Air
West Sacramento,171,3,2020-05-26,41.49646693669224,1.043932171593472,May,2020,Air
West Sacramento,172,3,2021-01-16,22.225740461051647,1.206425524629304,Jan,2021,Air
West Sacramento,173,5,2022-02-09,25.38627242746391,1.081022962239983,Feb,2022,Air
West Sacramento,174,3,2022-02-28,25.309697756473916,1.0777621850659147,Feb,2022,Air
West Sacramento,175,5,2022-03-21,31.017674661116633,1.0820584599821954,Mar,2022,Air
West Sacramento,176,5,2022-09-05,46.38153377774314,1.0897885093921578,Sep,2022,Air
West Sacramento,177,7,2022-10-05,38.16349807561903,1.0879960329395788,Oct,2022,Air
Sacramento,178,3,1999-08-24,46.249506669584015,1.0206183462834508,Aug,1999,Air
Sacramento,179,3,1999-10-01,35.88719370312075,1.0151216022219258,Oct,1999,Air
Sacramento,180,4,2000-05-20,41.773890635121276,1.0364637183207965,May,2000,Air
Sacramento,181,3,2000-08-01,46.12491331697947,1.0178688626532442,Aug,2000,Air
Sacramento,182,4,2000-09-17,45.071093851910945,1.052171490905144,Sep,2000,Air
Sacramento,183,3,2000-10-01,39.79364888571744,1.1256213831959074,Oct,2000,Air
Sacramento,184,3,2001-05-19,42.64245756868107,1.0580139761464586,May,2001,Air
Sacramento,185,3,2001-08-06,46.50295673136645,1.026211395843306,Aug,2001,Air
Sacramento,186,3,2001-10-01,42.55787311085316,1.20381149601257,Oct,2001,Air
Sacramento,187,3,2002-09-01,45.799173166008416,1.0691682893393728,Sep,2002,Air
Sacramento,188,3,2002-10-06,37.098996025067876,1.049399197868092,Oct,2002,Air
Sacramento,189,3,2002-12-04,18.338013881365796,1.0298047993789896,Dec,2002,Air
Sacramento,190,4,2004-03-15,30.14412277815782,1.0316662001549743,Mar,2004,Air
Sacramento,191,3,2004-04-25,36.96303166527294,1.0819626196465975,Apr,2004,Air
Sacramento,192,3,2005-12-23,19.87324604481326,1.116018576961834,Dec,2005,Air
Sacramento,193,6,2006-07-20,49.908614049909836,1.0542102658825556,Jul,2006,Air
Sacramento,194,3,2008-05-15,44.062562254425394,1.0932485918505048,May,2008,Air
Sacramento,195,3,2008-07-07,49.284689028603786,1.0410312150288479,Jul,2008,Air
Sacramento,196,4,2009-04-19,35.64556806031332,1.0433985108846426,Apr,2009,Air
Sacramento,197,3,2009-05-26,41.43047580269499,1.0279431565839925,May,2009,Air
Sacramento,198,3,2009-11-01,29.070966150560945,1.095600431024846,Nov,2009,Air
Sacramento,199,4,2010-11-02,29.040183494939136,1.094440321980218,Nov,2010,Air
Sacramento,200,3,2012-04-20,38.07249257247006,1.1144381817275688,Apr,2012,Air
Sacramento,201,3,2012-10-01,37.50811188440044,1.0609716364949653,Oct,2012,Air
Sacramento,202,3,2012-11-04,29.185751584662896,1.0999263612476722,Nov,2012,Air
Sacramento,203,3,2013-04-27,37.12108702958036,1.0865891339856772,Apr,2013,Air
Sacramento,204,3,2013-06-06,49.7433400151102,1.092932611599608,Jun,2013,Air
Sacramento,205,3,2013-06-28,48.94354780258276,1.0753600281882587,Jun,2013,Air
Sacramento,206,3,2013-07-02,51.661503822632135,1.091236226802176,Jul,2013,Air
Sacramento,207,3,2013-12-01,18.503094113035758,1.0390751825271378,Dec,2013,Air
Sacramento,208,6,2014-01-16,19.465102182607325,1.0363589723239333,Jan,2014,Air
Sacramento,209,3,2014-01-23,21.332001250293164,1.1357562208494607,Jan,2014,Air
Sacramento,210,3,2014-11-08,27.092600765746422,1.0210415753919861,Nov,2014,Air
Sacramento,211,4,2014-12-03,20.108764097056053,1.1292445250993515,Dec,2014,Air
Sacramento,212,4,2015-01-28,21.541658400074077,1.1469187652969006,Jan,2015,Air
Sacramento,213,4,2015-02-13,24.807294250134603,1.0284430244399507,Feb,2015,Air
Sacramento,214,5,2015-03-26,32.856767550663875,1.1245049914980543,Mar,2015,Air
Sacramento,215,3,2015-10-11,38.75601719629723,1.0962704578548466,Oct,2015,Air
Sacramento,216,4,2016-02-13,26.75120000164239,1.1090320757951195,Feb,2016,Air
Sacramento,217,3,2016-02-29,26.70374041341348,1.1070645302028974,Feb,2016,Air
Sacramento,218,3,2016-05-30,43.79756242806897,1.0866736068250777,May,2016,Air
Sacramento,219,3,2016-11-08,27.195285274498474,1.024911456821646,Nov,2016,Air
Sacramento,220,9,2017-06-16,50.0942516874216,1.1006426449496722,Jun,2017,Air
Sacramento,221,3,2017-08-26,47.94977627326756,1.058139316259305,Aug,2017,Air
Sacramento,222,3,2018-01-30,19.095538395753866,1.016682695119809,Jan,2018,Air
Sacramento,223,4,2018-02-03,24.84797848757175,1.0301296823952684,Feb,2018,Air
Sacramento,224,4,2018-03-28,30.617414455686713,1.0478643502923872,Mar,2018,Air
Sacramento,225,3,2018-11-01,27.65489515321581,1.042232820639349,Nov,2018,Air
Sacramento,226,3,2019-01-29,19.694787670093426,1.0485878634715744,Jan,2019,Air
Sacramento,227,4,2019-04-23,38.19840901577124,1.1181239423027416,Apr,2019,Air
Sacramento,228,3,2019-06-10,47.72331701028179,1.0485498054292188,Jun,2019,Air
Sacramento,229,5,2020-02-24,25.918585596517133,1.074514144562267,Feb,2020,Air
Sacramento,230,3,2020-05-26,42.12697044335323,1.0452240804833866,May,2020,Air
Sacramento,231,4,2020-08-15,48.43455560799295,1.0688372613520944,Aug,2020,Air
Sacramento,232,3,2021-01-16,22.349028184947993,1.189904664507076,Jan,2021,Air
Sacramento,233,3,2021-03-31,29.219989622129734,1.0000382457264068,Mar,2021,Air
Sacramento,234,3,2021-12-01,21.119657758661134,1.1860131125329423,Dec,2021,Air
Sacramento,235,5,2022-02-09,26.64357836923391,1.1045703752963345,Feb,2022,Air
Sacramento,236,3,2022-02-28,25.421984822642926,1.0539264256166734,Feb,2022,Air
Sacramento,237,5,2022-03-21,31.82188935021966,1.0890868481825982,Mar,2022,Air
Sacramento,238,3,2022-04-06,36.724498796805705,1.0749804097030038,Apr,2022,Air
Sacramento,239,3,2022-08-02,46.208332028759905,1.0197097183465749,Aug,2022,Air
Sacramento,240,8,2022-09-01,45.93448981418166,1.0723272168755122,Sep,2022,Air
Sacramento,241,9,2022-10-03,38.10151217319084,1.0777568289204036,Oct,2022,Air
Stockton,242,3,1999-08-24,46.398141099561556,1.0274566871354818,Aug,1999,Air
Stockton,243,3,1999-10-01,37.22337480765552,1.0098875558394727,Oct,1999,Air
Stockton,244,3,1999-11-01,29.00354221752751,1.055203921445222,Nov,1999,Air
Stockton,245,4,2000-05-20,44.408024272546555,1.0730563559834942,May,2000,Air
Stockton,246,3,2000-06-13,49.4454867854627,1.082038838627694,Jun,2000,Air
Stockton,247,4,2000-09-17,46.470010045582455,1.0577883448600303,Sep,2000,Air
Stockton,248,3,2000-10-01,40.47008951769605,1.0979724433590365,Oct,2000,Air
Stockton,249,3,2001-05-08,42.675405995771165,1.031190114806528,May,2001,Air
Stockton,250,4,2001-05-18,44.462208081766,1.0743656301929811,May,2001,Air
Stockton,251,4,2001-09-30,46.555131398266894,1.2112706350557765,Sep,2001,Air
Stockton,252,3,2002-03-30,30.680844146273827,1.0073164763365674,Mar,2002,Air
Stockton,253,3,2002-09-01,47.97236778724959,1.0919862395320328,Sep,2002,Air
Stockton,254,3,2002-10-06,38.4144765800886,1.0422027036178285,Oct,2002,Air
Stockton,255,4,2002-12-03,19.886534746127168,1.0468465489715755,Dec,2002,Air
Stockton,256,3,2003-07-20,49.140929910003045,1.0418548493678828,Jul,2003,Air
Stockton,257,3,2003-09-01,44.96731552708812,1.0235827841986662,Sep,2003,Air
Stockton,258,3,2004-03-08,30.832530185097024,1.0122966472017616,Mar,2004,Air
Stockton,259,3,2004-03-16,32.17738615679673,1.0564510900239377,Mar,2004,Air
Stockton,260,3,2004-04-25,38.41224799197026,1.0959181439271262,Apr,2004,Air
Stockton,261,3,2005-12-23,20.855108167336024,1.0978331967894184,Dec,2005,Air
Stockton,262,6,2006-07-20,50.89562545755037,1.0790567922029997,Jul,2006,Air
Stockton,263,3,2007-11-01,28.934914527536645,1.052707115811794,Nov,2007,Air
Stockton,264,3,2008-05-15,46.321068053645966,1.1192823212726657,May,2008,Air
Stockton,265,3,2008-07-07,49.779471540851674,1.055392804303642,Jul,2008,Air
Stockton,266,6,2009-01-15,20.30892104788773,1.0482162663961003,Jan,2009,Air
Stockton,267,4,2009-04-19,37.67223688763857,1.0748053052274962,Apr,2009,Air
Stockton,268,4,2010-11-02,29.73171452427996,1.0816962122078535,Nov,2010,Air
Stockton,269,3,2012-04-20,39.338741888850684,1.1223514178152167,Apr,2012,Air
Stockton,270,3,2012-10-01,39.670153579548554,1.076269807486327,Oct,2012,Air
Stockton,271,4,2012-11-04,29.731544248890366,1.0816900172659571,Nov,2012,Air
Stockton,272,3,2013-04-27,37.57835078329847,1.0721266938317129,Apr,2013,Air
Stockton,273,3,2013-07-02,50.99190841936056,1.081098122533076,Jul,2013,Air
Stockton,274,3,2014-11-08,28.524272269310398,1.0377671709615546,Nov,2014,Air
Stockton,275,4,2014-12-03,21.55517694874964,1.1346854989738553,Dec,2014,Air
Stockton,276,4,2015-02-13,25.503372458546302,1.0355640878710226,Feb,2015,Air
Stockton,277,5,2015-03-26,34.10653807182422,1.1197891944156788,Mar,2015,Air
Stockton,278,4,2015-10-11,39.405605549067786,1.0690924957760135,Oct,2015,Air
Stockton,279,4,2016-02-14,25.94517705745453,1.0535035575325065,Feb,2016,Air
Stockton,280,3,2016-02-24,25.63667429570086,1.0409768071350676,Feb,2016,Air
Stockton,281,3,2016-02-29,26.211739831581806,1.064327335309276,Feb,2016,Air
Stockton,282,3,2016-05-30,44.108073208908934,1.065808467778764,May,2016,Air
Stockton,283,3,2016-11-08,28.40187250419589,1.033314035163033,Nov,2016,Air
Stockton,284,3,2017-05-21,44.7635552999495,1.081647254474331,May,2017,Air
Stockton,285,7,2017-06-17,51.94898326020803,1.1368240292315492,Jun,2017,Air
Stockton,286,3,2018-01-30,20.25362988885462,1.0453624913408062,Jan,2018,Air
Stockton,287,5,2018-02-05,25.793283392652338,1.0473359173625667,Feb,2018,Air
Stockton,288,3,2018-03-29,31.207271926038313,1.0246002046991214,Mar,2018,Air
Stockton,289,3,2018-11-01,28.421469373289547,1.034027006460145,Nov,2018,Air
Stockton,290,3,2019-01-29,20.01130929081733,1.0328554560361447,Jan,2019,Air
Stockton,291,4,2019-04-23,39.37212218305715,1.1233037721288237,Apr,2019,Air
Stockton,292,3,2019-06-10,49.468444445581376,1.0825412318997072,Jun,2019,Air
Stockton,293,3,2020-02-26,28.40805452177548,1.1535086630934752,Feb,2020,Air
Stockton,294,4,2020-08-15,48.078935370669754,1.0646767841614257,Aug,2020,Air
Stockton,295,3,2021-01-16,23.412391030613733,1.208397484812121,Jan,2021,Air
Stockton,296,3,2021-12-01,20.44233031263873,1.076104168670736,Dec,2021,Air
Stockton,297,4,2022-02-10,26.931008217534604,1.0935332182270885,Feb,2022,Air
Stockton,298,3,2022-02-28,25.181936495606816,1.0225121850173344,Feb,2022,Air
Stockton,299,4,2022-03-22,32.123023555339515,1.0546662517749215,Mar,2022,Air
Stockton,300,4,2022-09-05,46.671098233729836,1.0623656785318472,Sep,2022,Air
Stockton,301,4,2022-10-05,39.40663179186102,1.0691203382226353,Oct,2022,Air
Martinez,178,4,2002-11-09,20.875,1.172752808988764,Nov,2002,Water
Martinez,179,4,2003-01-28,12.15,1.0210084033613445,Jan,2003,Water
Martinez,180,3,2003-05-30,21,1.0009532888465207,May,2003,Water
Martinez,181,6,2004-03-17,17.5,1.0355029585798818,Mar,2004,Water
Martinez,182,4,2004-04-24,19.8,1.0476190476190477,Apr,2004,Water
Martinez,183,3,2005-05-31,21.1,1.0057197330791232,May,2005,Water
Martinez,184,3,2005-07-15,24.2,1.0083333333333333,Jul,2005,Water
Martinez,185,3,2006-06-21,23.7,1.021551724137931,Jun,2006,Water
Martinez,186,8,2006-07-20,24.6125,1.0255208333333332,Jul,2006,Water
Martinez,187,4,2007-07-22,24.725,1.0302083333333334,Jul,2007,Water
Martinez,188,5,2007-09-02,23.38,1.0077586206896552,Sep,2007,Water
Martinez,189,6,2008-09-02,23.616666666666667,1.0179597701149425,Sep,2008,Water
Martinez,190,3,2008-12-01,14.05,1.0068075958437839,Dec,2008,Water
Martinez,191,3,2010-10-01,21.4,1.0239234449760766,Oct,2010,Water
Martinez,192,5,2012-11-03,18.3,1.0280898876404494,Nov,2012,Water
Martinez,193,8,2012-12-01,14.325,1.026513794338947,Dec,2012,Water
Martinez,194,3,2013-04-29,19.3,1.0211640211640214,Apr,2013,Water
Martinez,195,3,2013-06-29,23.6,1.0172413793103448,Jun,2013,Water
Martinez,196,3,2013-07-02,25.1,1.0458333333333334,Jul,2013,Water
Martinez,197,3,2014-04-30,19.3,1.0211640211640214,Apr,2014,Water
Martinez,198,4,2014-05-24,21.7,1.034318398474738,May,2014,Water
Martinez,199,9,2014-10-01,21.9,1.0478468899521531,Oct,2014,Water
Martinez,200,3,2014-11-01,18.15,1.0196629213483144,Nov,2014,Water
Martinez,201,14,2014-12-01,14.735714285714286,1.055945129753801,Dec,2014,Water
Martinez,202,3,2015-01-19,12.066666666666666,1.0140056022408963,Jan,2015,Water
Martinez,203,4,2015-01-28,12.45,1.046218487394958,Jan,2015,Water
Martinez,204,15,2015-02-14,14.813333333333333,1.0431924882629109,Feb,2015,Water
Martinez,205,15,2015-03-17,18.093333333333334,1.070611439842209,Mar,2015,Water
Martinez,206,3,2015-04-28,19.4,1.0264550264550265,Apr,2015,Water
Martinez,207,4,2015-11-01,18.725,1.0519662921348314,Nov,2015,Water
Martinez,208,6,2016-02-24,15.183333333333334,1.06924882629108,Feb,2016,Water
Martinez,209,3,2016-05-31,21,1.0009532888465207,May,2016,Water
Martinez,210,4,2016-11-06,17.974999999999998,1.0098314606741572,Nov,2016,Water
Martinez,211,3,2017-06-18,23.866666666666667,1.028735632183908,Jun,2017,Water
Martinez,212,3,2017-09-01,23.3,1.0043103448275863,Sep,2017,Water
Martinez,213,3,2017-09-10,23.733333333333334,1.0229885057471264,Sep,2017,Water
Martinez,214,3,2017-12-01,14.266666666666667,1.0223336916278518,Dec,2017,Water
Martinez,215,3,2018-11-01,18.15,1.0196629213483144,Nov,2018,Water
Martinez,216,3,2019-01-29,12.4,1.0420168067226891,Jan,2019,Water
Martinez,217,3,2019-08-09,23.833333333333336,1.0111723942865227,Aug,2019,Water
Martinez,218,4,2019-08-14,24,1.018243529910904,Aug,2019,Water
Martinez,219,3,2019-08-25,24.033333333333335,1.0196577570357803,Aug,2019,Water
Martinez,220,3,2020-02-26,14.9,1.0492957746478875,Feb,2020,Water
Martinez,221,6,2020-04-24,19.916666666666668,1.0537918871252205,Apr,2020,Water
Martinez,222,9,2020-05-23,22.144444444444446,1.0555025950640824,May,2020,Water
Martinez,223,7,2020-10-01,21.642857142857142,1.0355434039644567,Oct,2020,Water
Martinez,224,3,2021-01-16,12.233333333333334,1.0280112044817928,Jan,2021,Water
Martinez,225,5,2021-12-01,14.34,1.0275886778932286,Dec,2021,Water
Martinez,226,4,2022-06-23,23.75,1.0237068965517242,Jun,2022,Water
Martinez,227,3,2022-09-03,23.433333333333334,1.010057471264368,Sep,2022,Water
Martinez,228,3,2022-10-02,21.3,1.0191387559808613,Oct,2022,Water
Goodyear Slough,51,4,2003-01-26,13.95,1.0568181818181819,Jan,2003,Water
Goodyear Slough,52,4,2003-05-20,25.025,1.0588110852549184,May,2003,Water
Goodyear Slough,53,5,2003-07-18,26.4,1.0134357005758157,Jul,2003,Water
Goodyear Slough,54,6,2004-03-13,21.016666666666666,1.0722789115646258,Mar,2004,Water
Goodyear Slough,55,4,2004-04-25,25.05,1.1414900888585102,Apr,2004,Water
Goodyear Slough,56,3,2004-04-30,22.3,1.0161768056504903,Apr,2004,Water
Goodyear Slough,57,5,2004-08-07,25.14,1.020913705583756,Aug,2004,Water
Goodyear Slough,58,4,2004-09-06,24.9,1.0418410041841004,Sep,2004,Water
Goodyear Slough,59,4,2005-07-13,27.25,1.0460652591170825,Jul,2005,Water
Goodyear Slough,60,4,2005-12-23,14.075,1.023264267539077,Dec,2005,Water
Goodyear Slough,61,4,2006-01-01,17.925,1.3579545454545456,Jan,2006,Water
Goodyear Slough,62,3,2006-07-16,26.433333333333334,1.0147152911068458,Jul,2006,Water
Goodyear Slough,63,7,2006-07-21,27.37142857142857,1.0507266246229778,Jul,2006,Water
Goodyear Slough,64,3,2008-05-15,24.3,1.0281362386291515,May,2008,Water
Goodyear Slough,65,4,2009-04-19,23.675,1.0788334472545003,Apr,2009,Water
Goodyear Slough,66,3,2009-05-16,24.933333333333334,1.0549326563712007,May,2009,Water
Goodyear Slough,67,4,2010-02-24,19.125,1.1686526122823102,Feb,2010,Water
Goodyear Slough,68,3,2010-10-01,22.1,1.0508796956728488,Oct,2010,Water
Goodyear Slough,69,3,2010-10-13,21.566666666666666,1.0255190996988433,Oct,2010,Water
Goodyear Slough,70,4,2010-11-02,17.925,1.0361271676300579,Nov,2010,Water
Goodyear Slough,71,4,2010-12-11,14.3,1.0396219556524904,Dec,2010,Water
Goodyear Slough,72,3,2011-03-31,20.6,1.0510204081632653,Mar,2011,Water
Goodyear Slough,73,4,2011-06-20,26,1.0236220472440944,Jun,2011,Water
Goodyear Slough,74,5,2011-07-04,26.32,1.0103646833013435,Jul,2011,Water
Goodyear Slough,75,3,2011-10-01,21.1,1.0033285782215886,Oct,2011,Water
Goodyear Slough,76,3,2011-11-01,17.9,1.0346820809248554,Nov,2011,Water
Goodyear Slough,77,3,2012-01-31,13.4,1.0151515151515151,Jan,2012,Water
Goodyear Slough,78,7,2012-11-01,17.928571428571427,1.0363336085879438,Nov,2012,Water
Goodyear Slough,79,6,2012-12-01,14.183333333333334,1.0311401914455354,Dec,2012,Water
Goodyear Slough,80,5,2013-06-28,26.44,1.0305318361116569,Jun,2013,Water
Goodyear Slough,81,3,2014-01-28,14.1,1.0681818181818183,Jan,2014,Water
Goodyear Slough,82,3,2014-02-23,17.066666666666666,1.0428760566249111,Feb,2014,Water
Goodyear Slough,83,3,2014-08-01,25.15,1.0213197969543146,Aug,2014,Water
Goodyear Slough,84,8,2014-10-01,21.775,1.035425582501189,Oct,2014,Water
Goodyear Slough,85,12,2014-12-01,14.858333333333334,1.0802132557857753,Dec,2014,Water
Goodyear Slough,86,4,2014-12-21,14.2,1.0323518720465288,Dec,2014,Water
Goodyear Slough,87,4,2015-01-28,13.85,1.0492424242424243,Jan,2015,Water
Goodyear Slough,88,6,2015-02-12,17.4,1.0632447296058665,Feb,2015,Water
Goodyear Slough,89,3,2015-03-13,20.833333333333332,1.0629251700680271,Mar,2015,Water
Goodyear Slough,90,5,2015-03-26,21.419999999999998,1.0928571428571427,Mar,2015,Water
Goodyear Slough,91,3,2015-10-12,21.2,1.0080836899667145,Oct,2015,Water
Goodyear Slough,92,3,2015-11-01,18.45,1.0664739884393062,Nov,2015,Water
Goodyear Slough,93,4,2016-02-14,17.15,1.04796822487015,Feb,2016,Water
Goodyear Slough,94,4,2016-02-26,16.75,1.0235258172930037,Feb,2016,Water
Goodyear Slough,95,3,2016-05-29,23.9,1.0112121853183835,May,2016,Water
Goodyear Slough,96,10,2016-11-06,17.919999999999998,1.0358381502890173,Nov,2016,Water
Goodyear Slough,97,3,2017-05-02,25.3,1.0704463719060713,May,2017,Water
Goodyear Slough,98,3,2017-05-20,24.233333333333334,1.025315563077357,May,2017,Water
Goodyear Slough,99,5,2017-06-18,26.62,1.0480314960629922,Jun,2017,Water
Goodyear Slough,100,6,2017-08-31,24.983333333333334,1.0402565681880933,Aug,2017,Water
Goodyear Slough,101,3,2017-09-10,24.133333333333333,1.00976290097629,Sep,2017,Water
Goodyear Slough,102,4,2018-02-07,16.975,1.0372746715551484,Feb,2018,Water
Goodyear Slough,103,3,2018-11-02,17.5,1.0115606936416184,Nov,2018,Water
Goodyear Slough,104,3,2019-01-29,14.200000000000001,1.075757575757576,Jan,2019,Water
Goodyear Slough,105,4,2019-04-24,23.275,1.060606060606061,Apr,2019,Water
Goodyear Slough,106,3,2019-06-10,26.3,1.035433070866142,Jun,2019,Water
Goodyear Slough,107,5,2019-08-13,25.26,1.0257868020304568,Aug,2019,Water
Goodyear Slough,108,3,2020-01-31,13.8,1.0454545454545456,Jan,2020,Water
Goodyear Slough,109,4,2020-05-26,25.474999999999998,1.0778506452295322,May,2020,Water
Goodyear Slough,110,5,2020-08-15,25.52,1.0363451776649746,Aug,2020,Water
Goodyear Slough,111,7,2020-10-01,22.042857142857144,1.0481624889613481,Oct,2020,Water
Goodyear Slough,112,3,2020-10-14,21.233333333333334,1.00966872721509,Oct,2020,Water
Goodyear Slough,113,3,2021-12-01,13.95,1.0141766630316251,Dec,2021,Water
Goodyear Slough,114,4,2022-03-23,20.15,1.0280612244897958,Mar,2022,Water
Goodyear Slough,115,3,2022-04-07,22.9,1.043517885623149,Apr,2022,Water
Goodyear Slough,116,3,2022-06-21,25.733333333333334,1.0131233595800526,Jun,2022,Water
Goodyear Slough,117,5,2022-09-05,24.64,1.0309623430962345,Sep,2022,Water
Collinsville,1,4,2003-01-28,11.875,1.0416666666666665,Jan,2003,Water
Collinsville,2,8,2004-03-17,16.8625,1.0300855222968852,Mar,2004,Water
Collinsville,3,3,2004-04-30,18.9,1.0161290322580643,Apr,2004,Water
Collinsville,4,13,2006-07-17,24.46153846153846,1.0365058670143414,Jul,2006,Water
Collinsville,5,3,2007-03-23,16.433333333333334,1.0038688658114443,Mar,2007,Water
Collinsville,6,3,2008-09-04,23.666666666666668,1.0334788937409025,Sep,2008,Water
Collinsville,7,3,2008-12-01,13.666666666666666,1.0138476755687442,Dec,2008,Water
Collinsville,8,7,2012-04-24,19.32857142857143,1.0391705069124422,Apr,2012,Water
Collinsville,9,5,2012-11-02,18.14,1.024858757062147,Nov,2012,Water
Collinsville,10,6,2012-12-01,13.8,1.0237388724035612,Dec,2012,Water
Collinsville,11,7,2013-06-28,23.7,1.0211331079135155,Jun,2013,Water
Collinsville,12,5,2014-02-23,14.120000000000001,1.01986276634164,Feb,2014,Water
Collinsville,13,3,2014-04-30,19.3,1.0376344086021505,Apr,2014,Water
Collinsville,14,3,2014-05-24,20.7,1.0048543689320388,May,2014,Water
Collinsville,15,4,2014-05-28,20.925,1.0157766990291262,May,2014,Water
Collinsville,16,9,2014-10-01,21.655555555555555,1.0361509835194047,Oct,2014,Water
Collinsville,17,3,2014-11-01,18.133333333333333,1.024482109227872,Nov,2014,Water
Collinsville,18,13,2014-12-01,14.353846153846154,1.064825382332801,Dec,2014,Water
Collinsville,19,4,2015-01-28,11.775,1.0328947368421053,Jan,2015,Water
Collinsville,20,18,2015-02-11,14.227777777777778,1.0276473656755352,Feb,2015,Water
Collinsville,21,19,2015-03-13,17.626315789473683,1.0767450085200791,Mar,2015,Water
Collinsville,22,4,2015-04-27,19.125,1.028225806451613,Apr,2015,Water
Collinsville,23,3,2015-09-06,23.433333333333334,1.0232896652110626,Sep,2015,Water
Collinsville,24,3,2015-10-03,21.2,1.014354066985646,Oct,2015,Water
Collinsville,25,5,2015-10-12,21.2,1.014354066985646,Oct,2015,Water
Collinsville,26,4,2015-11-01,18.65,1.0536723163841808,Nov,2015,Water
Collinsville,27,8,2016-01-23,11.6625,1.0230263157894737,Jan,2016,Water
Collinsville,28,4,2016-02-24,14.075,1.0166124954857354,Feb,2016,Water
Collinsville,29,3,2016-02-29,14.6,1.0545323221379563,Feb,2016,Water
Collinsville,30,5,2016-04-17,19.08,1.025806451612903,Apr,2016,Water
Collinsville,31,4,2016-05-28,21.325,1.0351941747572815,May,2016,Water
Collinsville,32,4,2016-06-27,23,1.013215859030837,Jun,2016,Water
Collinsville,33,10,2016-11-01,18,1.0169491525423728,Nov,2016,Water
Collinsville,34,5,2017-06-20,23.24,1.0237885462555065,Jun,2017,Water
Collinsville,35,4,2017-07-15,24.05,1.0190677966101696,Jul,2017,Water
Collinsville,36,8,2017-09-01,23.4,1.0218340611353713,Sep,2017,Water
Collinsville,37,3,2017-09-10,23.266666666666666,1.0160116448326055,Sep,2017,Water
Collinsville,38,3,2017-12-01,13.9,1.031157270029674,Dec,2017,Water
Collinsville,39,3,2018-01-26,11.533333333333333,1.0116959064327484,Jan,2018,Water
Collinsville,40,7,2019-08-02,23.585714285714285,1.016625615763547,Aug,2019,Water
Collinsville,41,5,2019-08-14,23.740000000000002,1.0232758620689657,Aug,2019,Water
Collinsville,42,3,2020-01-31,12,1.0526315789473684,Jan,2020,Water
Collinsville,43,6,2020-04-25,19.45,1.0456989247311828,Apr,2020,Water
Collinsville,44,8,2020-05-24,22.0875,1.0722087378640777,May,2020,Water
Collinsville,45,10,2020-08-16,23.94,1.031896551724138,Aug,2020,Water
Collinsville,46,7,2020-10-01,21.771428571428572,1.041695146958305,Oct,2020,Water
Collinsville,47,4,2021-06-16,23.5,1.0352422907488987,Jun,2021,Water
Collinsville,48,6,2021-12-01,13.933333333333334,1.0336300692383782,Dec,2021,Water
Collinsville,49,4,2022-06-20,23.375,1.0297356828193833,Jun,2022,Water
Collinsville,50,6,2022-09-05,23.2,1.0131004366812228,Sep,2022,Water
Jersey Point,118,3,2002-01-09,11.2,1.00134108180599,Jan,2002,Water
Jersey Point,119,3,2002-05-30,21.6,1.0140845070422535,May,2002,Water
Jersey Point,120,4,2003-01-28,11.325000000000001,1.0125167635225747,Jan,2003,Water
Jersey Point,121,3,2003-07-19,24.766666666666666,1.0067750677506773,Jul,2003,Water
Jersey Point,122,7,2004-03-18,17.114285714285714,1.019921675463988,Mar,2004,Water
Jersey Point,123,3,2006-01-01,11.2,1.00134108180599,Jan,2006,Water
Jersey Point,124,3,2006-07-17,24.933333333333334,1.013550135501355,Jul,2006,Water
Jersey Point,125,9,2006-07-21,26.033333333333335,1.0582655826558265,Jul,2006,Water
Jersey Point,126,3,2007-09-01,23.666666666666668,1.0034626528160553,Sep,2007,Water
Jersey Point,127,3,2008-05-17,21.466666666666665,1.0078247261345852,May,2008,Water
Jersey Point,128,3,2008-12-01,13.5,1.0089686098654713,Dec,2008,Water
Jersey Point,129,3,2009-06-28,23.966666666666665,1.0112517580872011,Jun,2009,Water
Jersey Point,130,3,2010-10-01,21.45,1.0070422535211265,Oct,2010,Water
Jersey Point,131,3,2012-04-29,20,1.0471204188481673,Apr,2012,Water
Jersey Point,132,7,2012-11-01,17.84285714285714,1.013798701298701,Nov,2012,Water
Jersey Point,133,8,2012-12-01,13.9,1.0388639760837073,Dec,2012,Water
Jersey Point,134,8,2013-06-29,24.65,1.011391118658022,Jun,2013,Water
Jersey Point,135,3,2014-01-30,11.25,1.005811354492624,Jan,2014,Water
Jersey Point,136,6,2014-02-23,14.183333333333334,1.0277777777777777,Feb,2014,Water
Jersey Point,137,3,2014-04-30,19.3,1.0104712041884816,Apr,2014,Water
Jersey Point,138,3,2014-05-31,21.5,1.0093896713615023,May,2014,Water
Jersey Point,139,11,2014-10-01,21.69090909090909,1.0183525394793,Oct,2014,Water
Jersey Point,140,3,2014-11-01,18.1,1.0284090909090908,Nov,2014,Water
Jersey Point,141,3,2014-11-08,17.7,1.0056818181818181,Nov,2014,Water
Jersey Point,142,14,2014-12-01,14.207142857142857,1.0618193465727102,Dec,2014,Water
Jersey Point,143,3,2015-01-29,11.3,1.0102816271792578,Jan,2015,Water
Jersey Point,144,10,2015-02-13,14.26,1.0333333333333332,Feb,2015,Water
Jersey Point,145,3,2015-02-26,14.1,1.0217391304347825,Feb,2015,Water
Jersey Point,146,18,2015-03-14,17.8,1.060786650774732,Mar,2015,Water
Jersey Point,147,3,2015-04-28,19.666666666666664,1.0296684118673647,Apr,2015,Water
Jersey Point,148,5,2015-10-12,21.56,1.012206572769953,Oct,2015,Water
Jersey Point,149,4,2015-11-01,18.65,1.0596590909090908,Nov,2015,Water
Jersey Point,150,7,2016-01-25,11.471428571428572,1.025608276390574,Jan,2016,Water
Jersey Point,151,7,2016-02-23,14.514285714285714,1.05175983436853,Feb,2016,Water
Jersey Point,152,4,2016-04-18,19.275,1.0091623036649213,Apr,2016,Water
Jersey Point,153,4,2016-05-28,21.875,1.026995305164319,May,2016,Water
Jersey Point,154,3,2016-11-01,17.733333333333334,1.0075757575757576,Nov,2016,Water
Jersey Point,155,7,2016-11-08,17.728571428571428,1.0073051948051948,Nov,2016,Water
Jersey Point,156,4,2017-06-21,24.125,1.0179324894514767,Jun,2017,Water
Jersey Point,157,4,2017-07-15,25,1.0162601626016259,Jul,2017,Water
Jersey Point,158,13,2017-09-01,24.161538461538463,1.0244451329886985,Sep,2017,Water
Jersey Point,159,3,2017-12-01,13.866666666666667,1.036372695565521,Dec,2017,Water
Jersey Point,160,5,2018-01-27,11.32,1.0120697362539115,Jan,2018,Water
Jersey Point,161,5,2019-01-27,11.58,1.0353151542244077,Jan,2019,Water
Jersey Point,162,7,2019-04-24,19.5,1.0209424083769634,Apr,2019,Water
Jersey Point,163,8,2019-08-01,24.725,1.0174897119341564,Aug,2019,Water
Jersey Point,164,6,2019-08-13,24.833333333333332,1.0219478737997256,Aug,2019,Water
Jersey Point,165,4,2019-09-01,23.85,1.0112359550561796,Sep,2019,Water
Jersey Point,166,3,2020-01-31,11.3,1.0102816271792578,Jan,2020,Water
Jersey Point,167,6,2020-04-25,19.933333333333334,1.043630017452007,Apr,2020,Water
Jersey Point,168,7,2020-05-25,22.84285714285714,1.0724346076458753,May,2020,Water
Jersey Point,169,5,2020-06-26,23.900000000000002,1.008438818565401,Jun,2020,Water
Jersey Point,170,11,2020-08-15,24.945454545454545,1.0265619154508043,Aug,2020,Water
Jersey Point,171,8,2020-10-01,22.2875,1.0463615023474178,Oct,2020,Water
Jersey Point,172,3,2021-05-30,21.799999999999997,1.0234741784037558,May,2021,Water
Jersey Point,173,6,2021-12-01,13.866666666666667,1.036372695565521,Dec,2021,Water
Jersey Point,174,3,2022-03-31,16.8,1.0011918951132301,Mar,2022,Water
Jersey Point,175,6,2022-06-24,23.866666666666667,1.0070323488045008,Jun,2022,Water
Jersey Point,176,10,2022-09-04,24.35,1.0324358702565188,Sep,2022,Water
Jersey Point,177,3,2022-10-01,21.6,1.0140845070422535,Oct,2022,Water
Rio Vista,229,3,2002-01-03,11.5,1.0176991150442478,Jan,2002,Water
Rio Vista,230,3,2002-05-30,21.65,1.0140515222482436,May,2002,Water
Rio Vista,231,3,2003-01-15,11.533333333333333,1.0206489675516224,Jan,2003,Water
Rio Vista,232,6,2003-01-26,11.833333333333334,1.047197640117994,Jan,2003,Water
Rio Vista,233,5,2004-03-17,17.1,1.0118343195266273,Mar,2004,Water
Rio Vista,234,3,2004-04-30,19.4,1.0210526315789472,Apr,2004,Water
Rio Vista,235,3,2006-01-01,11.6,1.0265486725663715,Jan,2006,Water
Rio Vista,236,6,2006-07-22,25.28333333333333,1.0447658402203857,Jul,2006,Water
Rio Vista,237,3,2007-09-01,23.45,1.0064377682403434,Sep,2007,Water
Rio Vista,238,5,2008-05-16,21.72,1.0173302107728337,May,2008,Water
Rio Vista,239,3,2008-11-01,16.8,1.005988023952096,Nov,2008,Water
Rio Vista,240,3,2008-12-01,13.100000000000001,1.0314960629921262,Dec,2008,Water
Rio Vista,241,3,2012-11-01,16.8,1.005988023952096,Nov,2012,Water
Rio Vista,242,7,2012-12-01,13.357142857142858,1.0517435320584927,Dec,2012,Water
Rio Vista,243,3,2013-04-28,19.833333333333336,1.0438596491228072,Apr,2013,Water
Rio Vista,244,3,2013-06-30,23.9,1.0127118644067796,Jun,2013,Water
Rio Vista,245,5,2013-07-02,24.9,1.0289256198347108,Jul,2013,Water
Rio Vista,246,7,2014-02-22,14.242857142857144,1.0461151041393422,Feb,2014,Water
Rio Vista,247,11,2014-04-15,19.818181818181817,1.0430622009569377,Apr,2014,Water
Rio Vista,248,3,2014-04-29,19.35,1.0184210526315791,Apr,2014,Water
Rio Vista,249,10,2014-05-22,21.79,1.0206088992974238,May,2014,Water
Rio Vista,250,3,2014-06-30,24,1.0169491525423728,Jun,2014,Water
Rio Vista,251,3,2014-07-04,24.3,1.0041322314049588,Jul,2014,Water
Rio Vista,252,10,2014-07-26,24.69,1.0236707988980718,Jul,2014,Water
Rio Vista,253,4,2014-08-06,24.225,1.009375,Aug,2014,Water
Rio Vista,254,3,2014-09-01,23.633333333333333,1.0143061516452074,Sep,2014,Water
Rio Vista,255,3,2014-10-01,21.5,1.0141509433962264,Oct,2014,Water
Rio Vista,256,9,2014-10-03,21.622222222222224,1.019916142557652,Oct,2014,Water
Rio Vista,257,11,2014-11-01,17.227272727272727,1.0315732172019598,Nov,2014,Water
Rio Vista,258,9,2014-12-01,13.955555555555556,1.098862642169729,Dec,2014,Water
Rio Vista,259,3,2014-12-12,13.333333333333334,1.0498687664041995,Dec,2014,Water
Rio Vista,260,4,2015-01-28,11.675,1.0331858407079646,Jan,2015,Water
Rio Vista,261,12,2015-02-12,14.308333333333334,1.0509242257314237,Feb,2015,Water
Rio Vista,262,3,2015-02-27,13.850000000000001,1.017260374586853,Feb,2015,Water
Rio Vista,263,18,2015-03-14,18.183333333333334,1.0759368836291914,Mar,2015,Water
Rio Vista,264,5,2015-04-26,20.16,1.0610526315789472,Apr,2015,Water
Rio Vista,265,3,2015-06-30,24.1,1.021186440677966,Jun,2015,Water
Rio Vista,266,3,2015-07-20,24.599999999999998,1.0165289256198347,Jul,2015,Water
Rio Vista,267,3,2015-08-17,24.266666666666666,1.011111111111111,Aug,2015,Water
Rio Vista,268,3,2015-09-01,23.633333333333333,1.0143061516452074,Sep,2015,Water
Rio Vista,269,4,2015-09-09,23.4,1.004291845493562,Sep,2015,Water
Rio Vista,270,5,2015-11-01,18,1.0778443113772456,Nov,2015,Water
Rio Vista,271,6,2016-01-22,11.566666666666666,1.023598820058997,Jan,2016,Water
Rio Vista,272,6,2016-02-16,13.866666666666667,1.0184845146284736,Feb,2016,Water
Rio Vista,273,3,2016-02-29,13.7,1.0062431142122659,Feb,2016,Water
Rio Vista,274,3,2016-05-31,21.4,1.002341920374707,May,2016,Water
Rio Vista,275,3,2016-06-30,23.8,1.0084745762711864,Jun,2016,Water
Rio Vista,276,3,2016-11-01,16.950000000000003,1.0149700598802398,Nov,2016,Water
Rio Vista,277,3,2017-11-01,16.9,1.0119760479041915,Nov,2017,Water
Rio Vista,278,3,2017-12-01,13,1.0236220472440944,Dec,2017,Water
Rio Vista,279,3,2019-01-30,11.600000000000001,1.0265486725663717,Jan,2019,Water
Rio Vista,280,3,2020-01-29,11.4,1.008849557522124,Jan,2020,Water
Rio Vista,281,7,2020-04-24,20.285714285714285,1.0676691729323309,Apr,2020,Water
Rio Vista,282,6,2020-05-26,22.833333333333332,1.0694769711163152,May,2020,Water
Rio Vista,283,4,2020-06-02,24.175,1.024364406779661,Jun,2020,Water
Rio Vista,284,11,2020-08-13,24.954545454545453,1.0397727272727273,Aug,2020,Water
Rio Vista,285,7,2020-10-01,21.714285714285715,1.0242587601078168,Oct,2020,Water
Rio Vista,286,3,2021-05-31,22.2,1.0398126463700232,May,2021,Water
Rio Vista,287,3,2021-06-18,24.266666666666666,1.0282485875706213,Jun,2021,Water
Rio Vista,288,4,2021-09-12,23.5,1.0085836909871244,Sep,2021,Water
Rio Vista,289,7,2021-12-01,13.342857142857143,1.0506186726659168,Dec,2021,Water
Rio Vista,290,6,2022-03-26,17.25,1.0207100591715976,Mar,2022,Water
Rio Vista,291,4,2022-05-23,21.9,1.0257611241217799,May,2022,Water
Rio Vista,292,8,2022-06-23,24.1,1.021186440677966,Jun,2022,Water
Rio Vista,293,4,2022-08-23,24.15,1.00625,Aug,2022,Water
Rio Vista,294,12,2022-09-02,24.316666666666666,1.0436337625178826,Sep,2022,Water
Rio Vista,295,6,2022-10-06,21.483333333333334,1.0133647798742138,Oct,2022,Water
Rio Vista,296,3,2022-11-01,16.8,1.005988023952096,Nov,2022,Water
Sacramento River At Hood,359,3,2002-02-09,16.3,1.1897810218978104,Feb,2002,Water
Sacramento River At Hood,360,3,2002-02-11,18.049999999999997,1.3175182481751824,Feb,2002,Water
Sacramento River At Hood,361,3,2007-04-29,20.8,1.019607843137255,Apr,2007,Water
Sacramento River At Hood,362,4,2007-11-01,16.45,1.0154320987654322,Nov,2007,Water
Sacramento River At Hood,363,6,2008-05-16,24.033333333333335,1.054093567251462,May,2008,Water
Sacramento River At Hood,364,3,2008-08-14,24.8,1.008130081300813,Aug,2008,Water
Sacramento River At Hood,365,3,2008-10-01,21.2,1.004739336492891,Oct,2008,Water
Sacramento River At Hood,366,3,2008-11-01,16.5,1.0185185185185186,Nov,2008,Water
Sacramento River At Hood,367,3,2012-11-05,16.5,1.0185185185185186,Nov,2012,Water
Sacramento River At Hood,368,6,2012-12-01,13.166666666666668,1.044973544973545,Dec,2012,Water
Sacramento River At Hood,369,3,2013-04-28,20.96666666666667,1.027777777777778,Apr,2013,Water
Sacramento River At Hood,370,3,2014-01-31,11.8,1.017241379310345,Jan,2014,Water
Sacramento River At Hood,371,6,2014-02-23,14.233333333333334,1.0389294403892946,Feb,2014,Water
Sacramento River At Hood,372,3,2014-03-24,17.5,1.0233918128654969,Mar,2014,Water
Sacramento River At Hood,373,9,2014-04-14,21.055555555555557,1.0321350762527233,Apr,2014,Water
Sacramento River At Hood,374,3,2014-05-16,23.166666666666668,1.016081871345029,May,2014,Water
Sacramento River At Hood,375,8,2014-05-23,23.95,1.0504385964912282,May,2014,Water
Sacramento River At Hood,376,3,2014-06-09,25.9,1.0318725099601593,Jun,2014,Water
Sacramento River At Hood,377,3,2014-08-01,25.233333333333334,1.0257452574525745,Aug,2014,Water
Sacramento River At Hood,378,4,2014-09-02,24.075,1.0115546218487395,Sep,2014,Water
Sacramento River At Hood,379,3,2014-09-15,24,1.0084033613445378,Sep,2014,Water
Sacramento River At Hood,380,10,2014-10-03,21.79,1.0327014218009478,Oct,2014,Water
Sacramento River At Hood,381,3,2014-11-01,16.6,1.0246913580246915,Nov,2014,Water
Sacramento River At Hood,382,3,2014-11-10,16.433333333333334,1.01440329218107,Nov,2014,Water
Sacramento River At Hood,383,13,2014-12-01,13.715384615384616,1.0885225885225887,Dec,2014,Water
Sacramento River At Hood,384,3,2015-01-29,12.133333333333333,1.045977011494253,Jan,2015,Water
Sacramento River At Hood,385,8,2015-02-16,14.2,1.0364963503649636,Feb,2015,Water
Sacramento River At Hood,386,18,2015-03-14,18.5,1.0818713450292397,Mar,2015,Water
Sacramento River At Hood,387,10,2015-04-21,21.56,1.0568627450980392,Apr,2015,Water
Sacramento River At Hood,388,5,2015-06-11,25.599999999999998,1.0199203187250996,Jun,2015,Water
Sacramento River At Hood,389,10,2015-06-26,25.79,1.0274900398406375,Jun,2015,Water
Sacramento River At Hood,390,6,2015-07-29,25.416666666666668,1.0227518111834504,Jul,2015,Water
Sacramento River At Hood,391,5,2015-08-15,25.2,1.024390243902439,Aug,2015,Water
Sacramento River At Hood,392,3,2015-08-27,24.833333333333332,1.0094850948509484,Aug,2015,Water
Sacramento River At Hood,393,3,2015-09-01,24.049999999999997,1.0105042016806722,Sep,2015,Water
Sacramento River At Hood,394,5,2015-10-09,21.34,1.0113744075829383,Oct,2015,Water
Sacramento River At Hood,395,3,2015-11-01,16.9,1.0432098765432098,Nov,2015,Water
Sacramento River At Hood,396,3,2017-11-01,16.6,1.0246913580246915,Nov,2017,Water
Sacramento River At Hood,397,3,2019-01-31,11.7,1.0086206896551724,Jan,2019,Water
Sacramento River At Hood,398,3,2020-01-29,11.866666666666667,1.0229885057471266,Jan,2020,Water
Sacramento River At Hood,399,3,2020-02-28,14.05,1.0255474452554745,Feb,2020,Water
Sacramento River At Hood,400,5,2020-04-26,21.54,1.0558823529411765,Apr,2020,Water
Sacramento River At Hood,401,5,2020-05-27,24.1,1.0570175438596492,May,2020,Water
Sacramento River At Hood,402,3,2020-08-15,24.8,1.008130081300813,Aug,2020,Water
Sacramento River At Hood,403,3,2021-05-29,23.466666666666665,1.0292397660818713,May,2021,Water
Sacramento River At Hood,404,6,2021-06-02,25.916666666666668,1.0325365205843293,Jun,2021,Water
Sacramento River At Hood,405,7,2021-06-17,25.97142857142857,1.0347182697780306,Jun,2021,Water
Sacramento River At Hood,406,17,2021-06-28,25.86470588235294,1.0304663698148582,Jun,2021,Water
Sacramento River At Hood,407,4,2021-07-18,25.525,1.0169322709163346,Jul,2021,Water
Sacramento River At Hood,408,5,2021-08-01,24.94,1.013821138211382,Aug,2021,Water
Sacramento River At Hood,409,9,2021-09-08,24.433333333333334,1.026610644257703,Sep,2021,Water
Sacramento River At Hood,410,6,2021-11-01,16.766666666666666,1.0349794238683128,Nov,2021,Water
Sacramento River At Hood,411,4,2021-12-01,12.875,1.021825396825397,Dec,2021,Water
Sacramento River At Hood,412,6,2022-03-24,17.95,1.0497076023391811,Mar,2022,Water
Sacramento River At Hood,413,3,2022-03-31,17.3,1.0116959064327484,Mar,2022,Water
Sacramento River At Hood,414,3,2022-05-25,23.433333333333334,1.0277777777777777,May,2022,Water
Sacramento River At Hood,415,9,2022-09-02,24.577777777777776,1.0326797385620914,Sep,2022,Water
Sacramento River At Hood,416,13,2022-10-01,22.06923076923077,1.045935107546482,Oct,2022,Water
Rough And Ready Island,297,3,2002-01-03,12.233333333333334,1.0280112044817928,Jan,2002,Water
Rough And Ready Island,298,4,2003-05-28,24.174999999999997,1.0157563025210083,May,2003,Water
Rough And Ready Island,299,3,2003-07-19,28.433333333333334,1.0118623962040332,Jul,2003,Water
Rough And Ready Island,300,9,2004-03-16,19.03333333333333,1.0344202898550725,Mar,2004,Water
Rough And Ready Island,301,7,2005-08-02,28.085714285714285,1.0139247034553893,Aug,2005,Water
Rough And Ready Island,302,3,2005-08-10,28,1.0108303249097472,Aug,2005,Water
Rough And Ready Island,303,9,2006-07-22,29.444444444444443,1.0478449980229338,Jul,2006,Water
Rough And Ready Island,304,4,2007-03-22,19.9,1.0815217391304348,Mar,2007,Water
Rough And Ready Island,305,4,2007-09-01,27.325,1.0234082397003745,Sep,2007,Water
Rough And Ready Island,306,3,2007-11-01,17.9,1.0112994350282487,Nov,2007,Water
Rough And Ready Island,307,4,2008-05-17,24.45,1.0273109243697478,May,2008,Water
Rough And Ready Island,308,3,2008-10-01,24.4,1.0295358649789028,Oct,2008,Water
Rough And Ready Island,309,3,2008-11-01,17.8,1.0056497175141244,Nov,2008,Water
Rough And Ready Island,310,4,2008-12-01,14.125,1.018018018018018,Dec,2008,Water
Rough And Ready Island,311,4,2009-05-21,24.075,1.0115546218487395,May,2009,Water
Rough And Ready Island,312,6,2009-05-26,24.7,1.03781512605042,May,2009,Water
Rough And Ready Island,313,3,2009-06-28,27.5,1.0261194029850746,Jun,2009,Water
Rough And Ready Island,314,3,2010-10-01,23.866666666666667,1.0070323488045008,Oct,2010,Water
Rough And Ready Island,315,4,2012-04-21,21.975,1.036556603773585,Apr,2012,Water
Rough And Ready Island,316,4,2012-10-01,24.625,1.039029535864979,Oct,2012,Water
Rough And Ready Island,317,7,2012-11-01,18.17142857142857,1.026634382566586,Nov,2012,Water
Rough And Ready Island,318,8,2012-12-01,14.25,1.027027027027027,Dec,2012,Water
Rough And Ready Island,319,3,2013-06-30,27.1,1.0111940298507462,Jun,2013,Water
Rough And Ready Island,320,3,2014-08-01,27.9,1.007220216606498,Aug,2014,Water
Rough And Ready Island,321,5,2014-10-02,24,1.0126582278481013,Oct,2014,Water
Rough And Ready Island,322,3,2014-11-01,18.200000000000003,1.0282485875706215,Nov,2014,Water
Rough And Ready Island,323,3,2014-12-01,14.3,1.0306306306306308,Dec,2014,Water
Rough And Ready Island,324,12,2014-12-03,14.466666666666667,1.0426426426426427,Dec,2014,Water
Rough And Ready Island,325,4,2015-02-15,14.75,1.0102739726027399,Feb,2015,Water
Rough And Ready Island,326,7,2015-02-20,14.9,1.0205479452054795,Feb,2015,Water
Rough And Ready Island,327,3,2015-02-28,14.8,1.0136986301369864,Feb,2015,Water
Rough And Ready Island,328,7,2015-03-25,19.84285714285714,1.078416149068323,Mar,2015,Water
Rough And Ready Island,329,4,2015-04-27,22.2,1.0471698113207548,Apr,2015,Water
Rough And Ready Island,330,3,2015-06-24,27.366666666666667,1.021144278606965,Jun,2015,Water
Rough And Ready Island,331,3,2015-06-30,27.8,1.037313432835821,Jun,2015,Water
Rough And Ready Island,332,4,2015-11-01,18.975,1.0720338983050848,Nov,2015,Water
Rough And Ready Island,333,12,2016-01-20,12.466666666666667,1.0476190476190477,Jan,2016,Water
Rough And Ready Island,334,6,2016-02-24,15.466666666666667,1.0593607305936072,Feb,2016,Water
Rough And Ready Island,335,3,2016-03-29,19.066666666666666,1.036231884057971,Mar,2016,Water
Rough And Ready Island,336,3,2016-05-31,24.2,1.0168067226890756,May,2016,Water
Rough And Ready Island,337,3,2016-06-28,27.066666666666666,1.0099502487562189,Jun,2016,Water
Rough And Ready Island,338,3,2016-07-24,28.233333333333334,1.0047449584816133,Jul,2016,Water
Rough And Ready Island,339,3,2016-11-01,18.049999999999997,1.0197740112994351,Nov,2016,Water
Rough And Ready Island,340,3,2016-11-08,17.833333333333332,1.0075329566854991,Nov,2016,Water
Rough And Ready Island,341,4,2016-11-12,17.95,1.0141242937853105,Nov,2016,Water
Rough And Ready Island,342,3,2016-12-01,13.9,1.0018018018018018,Dec,2016,Water
Rough And Ready Island,343,3,2017-12-01,14.05,1.0126126126126125,Dec,2017,Water
Rough And Ready Island,344,3,2018-01-31,12,1.0084033613445378,Jan,2018,Water
Rough And Ready Island,345,3,2019-01-30,12.2,1.0252100840336134,Jan,2019,Water
Rough And Ready Island,346,3,2020-01-30,12.15,1.0210084033613445,Jan,2020,Water
Rough And Ready Island,347,5,2020-02-25,14.92,1.021917808219178,Feb,2020,Water
Rough And Ready Island,348,6,2020-04-25,21.96666666666667,1.0361635220125787,Apr,2020,Water
Rough And Ready Island,349,6,2020-05-26,25.2,1.0588235294117647,May,2020,Water
Rough And Ready Island,350,4,2020-08-15,28.1,1.0144404332129964,Aug,2020,Water
Rough And Ready Island,351,7,2020-10-01,24.52857142857143,1.0349608197709463,Oct,2020,Water
Rough And Ready Island,352,3,2021-05-31,24.1,1.0126050420168067,May,2021,Water
Rough And Ready Island,353,3,2021-06-29,27.299999999999997,1.0186567164179103,Jun,2021,Water
Rough And Ready Island,354,4,2021-12-01,14.2,1.0234234234234234,Dec,2021,Water
Rough And Ready Island,355,3,2022-09-01,27.8,1.0411985018726593,Sep,2022,Water
Rough And Ready Island,356,10,2022-09-03,27.58,1.0329588014981272,Sep,2022,Water
Rough And Ready Island,357,3,2022-10-01,24.1,1.0168776371308017,Oct,2022,Water
Rough And Ready Island,358,7,2022-10-05,24,1.0126582278481013,Oct,2022,Water
Vernalis,417,3,2002-03-30,20.3,1.0463917525773196,Mar,2002,Water
Vernalis,418,3,2002-05-30,25.65,1.0384615384615383,May,2002,Water
Vernalis,419,3,2002-09-01,26.833333333333332,1.0143010143010145,Sep,2002,Water
Vernalis,420,4,2003-01-26,13.425,1.048828125,Jan,2003,Water
Vernalis,421,3,2003-09-02,26.866666666666667,1.0155610155610157,Sep,2003,Water
Vernalis,422,3,2007-06-21,30.666666666666668,1.0611303344867358,Jun,2007,Water
Vernalis,423,3,2007-09-01,27.599999999999998,1.0432810432810435,Sep,2007,Water
Vernalis,424,3,2008-10-01,23.45,1.0330396475770924,Oct,2008,Water
Vernalis,425,3,2010-10-01,23.766666666666666,1.0469897209985317,Oct,2010,Water
Vernalis,426,3,2010-11-04,17.3,1.0297619047619047,Nov,2010,Water
Vernalis,427,4,2012-10-01,23.525000000000002,1.036343612334802,Oct,2012,Water
Vernalis,428,7,2012-11-02,17.4,1.0357142857142856,Nov,2012,Water
Vernalis,429,8,2012-12-01,14.0125,1.0862403100775193,Dec,2012,Water
Vernalis,430,4,2013-03-28,20.45,1.0541237113402062,Mar,2013,Water
Vernalis,431,8,2013-06-28,30.1125,1.0243976675637576,Jun,2013,Water
Vernalis,432,3,2013-09-01,27.2,1.0281610281610283,Sep,2013,Water
Vernalis,433,3,2014-01-29,13.966666666666667,1.0911458333333333,Jan,2014,Water
Vernalis,434,3,2014-02-23,16.7,1.0536277602523658,Feb,2014,Water
Vernalis,435,6,2014-04-07,22.85,1.0546965151165475,Apr,2014,Water
Vernalis,436,3,2014-06-30,29.3,1.013840830449827,Jun,2014,Water
Vernalis,437,3,2014-08-01,29.5,1.0350877192982457,Aug,2014,Water
Vernalis,438,5,2014-09-01,26.84,1.0145530145530148,Sep,2014,Water
Vernalis,439,5,2014-10-05,22.96,1.0114537444933922,Oct,2014,Water
Vernalis,440,10,2014-12-03,14.68,1.1379844961240309,Dec,2014,Water
Vernalis,441,4,2014-12-21,13.85,1.073643410852713,Dec,2014,Water
Vernalis,442,4,2015-01-28,13.549999999999999,1.0585937499999998,Jan,2015,Water
Vernalis,443,6,2015-02-13,16.816666666666666,1.0609884332281807,Feb,2015,Water
Vernalis,444,15,2015-03-12,20.906666666666666,1.07766323024055,Mar,2015,Water
Vernalis,445,11,2015-04-23,24.336363636363636,1.082364791063031,Apr,2015,Water
Vernalis,446,9,2015-05-23,26.366666666666667,1.067476383265857,May,2015,Water
Vernalis,447,4,2015-06-11,30.275,1.0475778546712804,Jun,2015,Water
Vernalis,448,3,2015-06-16,29.3,1.013840830449827,Jun,2015,Water
Vernalis,449,12,2015-06-24,30.533333333333335,1.0446176490005787,Jun,2015,Water
Vernalis,450,3,2015-08-01,29.1,1.0210526315789474,Aug,2015,Water
Vernalis,451,4,2015-08-16,29.1,1.0210526315789474,Aug,2015,Water
Vernalis,452,3,2015-09-01,27.1,1.0243810243810247,Sep,2015,Water
Vernalis,453,3,2015-11-01,17.733333333333334,1.0555555555555554,Nov,2015,Water
Vernalis,454,4,2016-02-15,16.375,1.033123028391167,Feb,2016,Water
Vernalis,455,6,2016-02-24,17.033333333333335,1.07465825446898,Feb,2016,Water
Vernalis,456,3,2016-03-31,19.7,1.0154639175257731,Mar,2016,Water
Vernalis,457,3,2016-04-06,22.133333333333333,1.0216170474651898,Apr,2016,Water
Vernalis,458,3,2016-06-30,29.2,1.0103806228373702,Jun,2016,Water
Vernalis,459,7,2016-07-24,30.085714285714285,1.012987012987013,Jul,2016,Water
Vernalis,460,3,2016-11-01,16.9,1.005952380952381,Nov,2016,Water
Vernalis,461,9,2016-11-07,17.766666666666666,1.0575396825396823,Nov,2016,Water
Vernalis,462,3,2018-12-01,13.1,1.0155038759689923,Dec,2018,Water
Vernalis,463,3,2019-01-19,13.066666666666666,1.0208333333333333,Jan,2019,Water
Vernalis,464,3,2019-01-29,13.6,1.0625,Jan,2019,Water
Vernalis,465,10,2019-04-25,24.71,1.0834365957144634,Apr,2019,Water
Vernalis,466,5,2019-05-19,25.66,1.0388663967611336,May,2019,Water
Vernalis,467,3,2020-01-30,12.95,1.01171875,Jan,2020,Water
Vernalis,468,10,2020-08-09,29.49,1.0347368421052632,Aug,2020,Water
Vernalis,469,4,2020-09-05,27.575,1.0423360423360424,Sep,2020,Water
Vernalis,470,5,2020-10-01,23.439999999999998,1.0325991189427313,Oct,2020,Water
Vernalis,471,3,2021-05-31,25.4,1.0283400809716599,May,2021,Water
Vernalis,472,4,2021-11-03,17.125,1.0193452380952381,Nov,2021,Water
Vernalis,473,3,2021-12-01,13.15,1.0193798449612403,Dec,2021,Water
Vernalis,474,5,2022-03-23,21.099999999999998,1.0876288659793816,Mar,2022,Water
Vernalis,475,9,2022-09-01,27.977777777777778,1.0575610575610577,Sep,2022,Water
Vernalis,476,3,2022-10-01,23,1.013215859030837,Oct,2022,Water
Vernalis,477,5,2022-10-05,22.96,1.0114537444933922,Oct,2022,Water
