ZCTA5,lon,lat
89010,-117.91473,37.487642
89019,-115.6452,35.756243
89060,-116.14446,36.185628
89061,-115.91179,35.965713
89439,-120.01777,39.536953
90001,-118.24927,33.972694
90002,-118.24725,33.949714
90003,-118.27356,33.964772
90004,-118.30284,34.076129
90005,-118.3019,34.058587
90006,-118.29297,34.049092
90007,-118.28856,34.029542
90008,-118.34115,34.011647
90010,-118.30611,34.062115
90011,-118.25882,34.007239
90012,-118.23957,34.060194
90013,-118.2458,34.045729
90014,-118.25061,34.043567
90015,-118.27023,34.043009
90016,-118.35329,34.030059
90017,-118.26659,34.054705
90018,-118.31631,34.028892
90019,-118.33582,34.047932
90020,-118.30228,34.066425
90021,-118.24249,34.035924
90022,-118.15538,34.023649
90023,-118.19847,34.024736
90024,-118.44297,34.064634
90025,-118.44869,34.045054
90026,-118.26517,34.075721
90027,-118.29277,34.104445
90028,-118.32651,34.100798
90029,-118.29519,34.089935
90031,-118.21227,34.078083
90032,-118.17621,34.081551
90033,-118.20866,34.048558
90034,-118.40185,34.028662
90035,-118.38315,34.053335
90036,-118.35013,34.069372
90037,-118.28709,34.002665
90038,-118.32254,34.089821
90039,-118.26016,34.110603
90040,-118.15524,33.997178
90041,-118.20961,34.134109
90042,-118.19311,34.114366
90043,-118.33268,33.9872
90044,-118.2913,33.956134
90045,-118.39667,33.964248
90046,-118.35869,34.098096
90047,-118.30818,33.958877
90048,-118.37371,34.073443
90049,-118.47512,34.06433
90056,-118.37162,33.985897
90057,-118.27686,34.062036
90058,-118.23974,33.997218
90059,-118.24691,33.929512
90061,-118.27303,33.925202
90062,-118.3085,34.004076
90063,-118.18688,34.043277
90064,-118.42711,34.035299
90065,-118.22759,34.108151
90066,-118.43015,34.002664
90067,-118.4102,34.055447
90068,-118.33194,34.117177
90069,-118.37956,34.090432
90071,-118.25452,34.052161
90073,-118.46106,34.056561
90077,-118.45564,34.107508
90089,-118.28413,34.022223
90094,-118.42664,33.972949
90095,-118.44232,34.076529
90201,-118.17318,33.969196
90210,-118.40837,34.091058
90211,-118.38347,34.065574
90212,-118.39994,34.062032
90220,-118.23881,33.890517
90221,-118.20401,33.897348
90222,-118.23524,33.911859
90230,-118.39913,33.995483
90232,-118.39726,34.017726
90240,-118.11881,33.957446
90241,-118.13226,33.941014
90242,-118.13996,33.921448
90245,-118.4125,33.924515
90247,-118.29701,33.892653
90248,-118.29102,33.874595
90249,-118.32053,33.899554
90250,-118.34756,33.91352
90254,-118.39618,33.864451
90255,-118.21703,33.976501
90260,-118.35239,33.887992
90262,-118.20201,33.923961
90263,-118.71025,34.041956
90265,-118.75792,34.039587
90266,-118.40017,33.889768
90270,-118.18841,33.98889
90272,-118.53632,34.051679
90274,-118.37748,33.780864
90275,-118.36511,33.762779
90277,-118.38364,33.830772
90278,-118.37242,33.870697
90280,-118.20156,33.946226
90290,-118.60297,34.105271
90291,-118.46452,33.99345
90292,-118.4509,33.979366
90293,-118.43904,33.957703
90301,-118.35593,33.955175
90302,-118.35608,33.974743
90303,-118.33324,33.936708
90304,-118.35659,33.938859
90305,-118.32706,33.95807
90401,-118.49153,34.017895
90402,-118.50342,34.034728
90403,-118.49359,34.028521
90404,-118.4743,34.027263
90405,-118.47247,34.010134
90501,-118.31236,33.826749
90502,-118.29281,33.828277
90503,-118.35453,33.839829
90504,-118.33132,33.870908
90505,-118.35146,33.811256
90601,-118.03995,33.999996
90602,-118.03502,33.968894
90603,-117.99371,33.943108
90604,-118.01325,33.930038
90605,-118.03622,33.941236
90606,-118.0668,33.97706
90620,-118.0117,33.841263
90621,-117.99538,33.872856
90623,-118.04186,33.848773
90630,-118.04013,33.819846
90631,-117.9511,33.931697
90638,-118.00847,33.906362
90640,-118.11342,34.013404
90650,-118.08325,33.905686
90660,-118.08931,33.988368
90670,-118.08466,33.946466
90680,-117.99562,33.80184
90701,-118.07971,33.867678
90703,-118.06585,33.866255
90704,-118.33536,33.346123
90706,-118.12791,33.886724
90710,-118.30003,33.796296
90712,-118.14604,33.851962
90713,-118.11253,33.847599
90715,-118.0779,33.840446
90716,-118.07276,33.829345
90717,-118.31751,33.793575
90720,-118.07131,33.795397
90723,-118.16392,33.897337
90731,-118.29191,33.732881
90732,-118.31032,33.741717
90740,-118.08497,33.76148
90742,-118.07145,33.7179
90743,-118.08308,33.726952
90744,-118.26623,33.785955
90745,-118.26905,33.823004
90746,-118.25679,33.860183
90755,-118.16749,33.799131
90802,-118.18295,33.770329
90803,-118.13532,33.762029
90804,-118.1545,33.782592
90805,-118.18143,33.863712
90806,-118.19143,33.799505
90807,-118.18134,33.831351
90808,-118.11202,33.824338
90810,-118.21553,33.813256
90813,-118.18388,33.781852
90814,-118.14906,33.771569
90815,-118.12037,33.794408
90822,-118.11681,33.779399
91001,-118.14129,34.19129
91006,-118.02509,34.131233
91007,-118.05223,34.125632
91008,-117.96586,34.148456
91010,-117.9686,34.136312
91011,-118.20141,34.209347
91016,-118.00288,34.143526
91020,-118.23185,34.211584
91024,-118.05281,34.165295
91030,-118.15577,34.110913
91040,-118.32297,34.260523
91042,-118.28769,34.254698
91046,-118.24104,34.211452
91101,-118.1402,34.146863
91103,-118.15617,34.167427
91104,-118.12655,34.167581
91105,-118.16475,34.135895
91106,-118.1278,34.143249
91107,-118.08962,34.151269
91108,-118.11241,34.120672
91201,-118.29055,34.171944
91202,-118.26636,34.165067
91203,-118.2643,34.152135
91204,-118.26046,34.137384
91205,-118.24327,34.138116
91206,-118.23452,34.155167
91207,-118.24765,34.166097
91208,-118.22956,34.187864
91210,-118.25653,34.144594
91214,-118.24693,34.231319
91301,-118.75862,34.147458
91302,-118.66388,34.143188
91303,-118.59862,34.199323
91304,-118.6102,34.220287
91306,-118.57571,34.20878
91307,-118.64105,34.19715
91311,-118.59462,34.256254
91316,-118.51839,34.167667
91320,-118.93989,34.178113
91321,-118.51953,34.380909
91324,-118.5469,34.237196
91325,-118.51976,34.235401
91326,-118.55093,34.277625
91330,-118.52556,34.246126
91331,-118.42189,34.257122
91335,-118.54049,34.20147
91340,-118.43548,34.287407
91342,-118.4347,34.305268
91343,-118.47487,34.236043
91344,-118.50042,34.276018
91345,-118.45971,34.262113
91350,-118.51068,34.441315
91351,-118.47454,34.423216
91352,-118.37445,34.221402
91354,-118.54838,34.449384
91355,-118.55606,34.405379
91356,-118.5422,34.166983
91360,-118.87512,34.208994
91361,-118.84149,34.147234
91362,-118.82942,34.195161
91364,-118.6006,34.158046
91367,-118.61522,34.177673
91371,-118.57458,34.185686
91377,-118.76852,34.181188
91381,-118.58932,34.389873
91384,-118.62406,34.473839
91387,-118.42959,34.421164
91390,-118.46978,34.483811
91401,-118.43337,34.180575
91402,-118.44818,34.22692
91403,-118.46064,34.152499
91405,-118.44736,34.200028
91406,-118.48896,34.199961
91411,-118.45861,34.179704
91423,-118.43278,34.153162
91436,-118.48981,34.150657
91501,-118.30126,34.186721
91502,-118.30669,34.17544
91504,-118.32982,34.200808
91505,-118.34493,34.169419
91506,-118.32364,34.171819
91601,-118.37254,34.168717
91602,-118.36866,34.151929
91604,-118.39285,34.143569
91605,-118.40096,34.206053
91606,-118.38704,34.186976
91607,-118.39991,34.167315
91701,-117.59179,34.133354
91702,-117.90347,34.125805
91706,-117.9702,34.083964
91708,-117.63371,33.954093
91709,-117.72436,33.974902
91710,-117.68402,34.014858
91711,-117.7187,34.10916
91719,-117.43711,33.73803
91722,-117.90752,34.097673
91723,-117.88629,34.084611
91724,-117.85739,34.092812
91730,-117.58432,34.105327
91731,-118.03735,34.079341
91732,-118.01531,34.071196
91733,-118.04493,34.055584
91737,-117.57889,34.144822
91739,-117.52604,34.129753
91740,-117.85775,34.118069
91741,-117.85446,34.13932
91743,-117.58608,34.064511
91744,-117.93631,34.030298
91745,-117.96674,33.998209
91746,-117.98246,34.050213
91748,-117.8969,33.981036
91750,-117.77056,34.116519
91752,-117.53301,33.986109
91754,-118.13902,34.051361
91755,-118.11641,34.056259
91759,-117.64731,34.239141
91761,-117.61688,34.029233
91762,-117.66592,34.058295
91763,-117.69996,34.07034
91764,-117.6233,34.076214
91765,-117.81365,34.003221
91766,-117.7537,34.043407
91767,-117.73676,34.081133
91768,-117.77847,34.065839
91770,-118.0858,34.066167
91773,-117.81711,34.102151
91775,-118.08631,34.115581
91776,-118.09589,34.089012
91780,-118.05489,34.10164
91784,-117.65837,34.135898
91786,-117.65786,34.102488
91789,-117.85819,34.017824
91790,-117.93806,34.067484
91791,-117.8992,34.064049
91792,-117.89962,34.022456
91801,-118.13008,34.091615
91803,-118.14354,34.07449
91901,-116.76029,32.827484
91902,-117.02064,32.665962
91905,-116.31336,32.671065
91906,-116.4691,32.648223
91910,-117.06042,32.637854
91911,-117.05571,32.6094
91913,-116.98727,32.631908
91914,-116.96067,32.662642
91915,-116.9534,32.634223
91916,-116.61931,32.867182
91917,-116.72518,32.618887
91931,-116.5647,32.842998
91932,-117.11459,32.578804
91934,-116.1917,32.627969
91935,-116.83401,32.719684
91941,-117.00479,32.757929
91942,-117.02465,32.777055
91945,-117.03377,32.732735
91948,-116.42704,32.866071
91950,-117.09135,32.67452
91962,-116.52005,32.824933
91963,-116.60742,32.621405
91977,-116.99879,32.724036
91978,-116.96037,32.730876
91980,-116.62444,32.587113
92003,-117.2073,33.287449
92004,-116.34823,33.2361
92007,-117.2749,33.025543
92008,-117.33152,33.156451
92009,-117.24563,33.093687
92010,-117.3028,33.164614
92011,-117.29612,33.10763
92014,-117.25253,32.957035
92019,-116.91869,32.77609
92020,-116.96641,32.792087
92021,-116.92426,32.817962
92024,-117.26947,33.054515
92025,-117.07162,33.111451
92026,-117.10088,33.16127
92027,-117.04995,33.138394
92028,-117.22603,33.366141
92029,-117.10706,33.094458
92036,-116.56635,33.050413
92037,-117.25005,32.848309
92040,-116.92128,32.858043
92054,-117.37121,33.207908
92055,-117.44753,33.337671
92056,-117.28459,33.199351
92057,-117.30068,33.243892
92058,-117.35427,33.239323
92059,-117.07504,33.37414
92060,-116.84318,33.320439
92061,-116.95878,33.310724
92064,-117.04137,32.974727
92065,-116.85525,33.027829
92066,-116.52458,33.221247
92067,-117.19615,33.014351
92069,-117.16048,33.152312
92070,-116.69775,33.146195
92071,-116.98731,32.848326
92075,-117.26057,32.993082
92078,-117.19122,33.122693
92081,-117.24404,33.170693
92082,-117.02091,33.246844
92083,-117.24995,33.198124
92084,-117.22524,33.212175
92086,-116.69637,33.343923
92091,-117.21162,32.996943
92101,-117.16071,32.716653
92102,-117.11971,32.713877
92103,-117.16342,32.746503
92104,-117.12811,32.746413
92105,-117.09561,32.742254
92106,-117.23033,32.727299
92107,-117.24338,32.742134
92108,-117.1368,32.777793
92109,-117.24143,32.797785
92110,-117.2021,32.763956
92111,-117.17199,32.796519
92113,-117.11614,32.695989
92114,-117.05344,32.705993
92115,-117.07292,32.759377
92116,-117.12493,32.762175
92117,-117.19687,32.823475
92118,-117.17757,32.680724
92119,-117.02658,32.80305
92120,-117.07116,32.794491
92121,-117.20309,32.899343
92122,-117.21299,32.861647
92123,-117.13798,32.799567
92124,-117.09862,32.820346
92126,-117.14102,32.914422
92127,-117.10975,33.01731
92128,-117.07364,32.993998
92129,-117.12571,32.961472
92130,-117.21656,32.945593
92131,-117.08782,32.919684
92134,-117.14628,32.724946
92135,-117.18861,32.698505
92139,-117.0481,32.680414
92140,-117.19752,32.74027
92145,-117.01747,32.926637
92147,-117.21874,32.722523
92154,-117.05507,32.576214
92155,-117.15902,32.675363
92173,-117.05274,32.558114
92201,-116.23479,33.713659
92203,-116.24903,33.750169
92210,-116.3386,33.715524
92211,-116.32001,33.758855
92220,-116.89727,33.92697
92222,-114.54671,32.789972
92223,-116.98189,33.946908
92225,-114.70132,33.597101
92227,-115.5343,32.979604
92230,-116.77332,33.907496
92231,-115.49177,32.68021
92233,-115.49873,33.146082
92234,-116.46627,33.816996
92236,-116.18607,33.678696
92239,-115.39262,33.746919
92240,-116.50128,33.955925
92241,-116.40496,33.904921
92242,-114.36133,34.137407
92243,-115.56392,32.786214
92249,-115.53208,32.73555
92250,-115.37766,32.811939
92251,-115.61662,32.833223
92252,-116.30911,34.145034
92253,-116.28934,33.683342
92254,-116.03043,33.561717
92256,-116.56899,34.063495
92257,-115.57728,33.295467
92258,-116.54955,33.92164
92259,-115.99052,32.734806
92260,-116.38095,33.728952
92262,-116.53635,33.844958
92264,-116.51919,33.801357
92266,-114.73988,33.418624
92267,-114.17275,34.262897
92268,-116.52987,34.185428
92270,-116.42173,33.773813
92273,-115.68948,32.794286
92274,-116.11655,33.536621
92275,-115.95749,33.292573
92276,-116.38078,33.817725
92277,-116.0632,34.162367
92278,-116.05534,34.232227
92280,-114.52185,34.13923
92281,-115.62295,33.037845
92282,-116.67551,33.935286
92283,-114.6194,32.756835
92284,-116.41593,34.132963
92285,-116.42437,34.294096
92301,-117.42636,34.545434
92304,-115.60053,34.566166
92305,-116.96059,34.145687
92307,-117.21439,34.53023
92308,-117.20158,34.468915
92309,-116.07827,35.267494
92310,-116.69493,35.262615
92311,-117.03266,34.886857
92313,-117.31388,34.031091
92314,-116.8301,34.258167
92315,-116.89639,34.242538
92316,-117.39882,34.064939
92317,-117.23002,34.243748
92318,-117.23497,34.049716
92320,-117.04358,33.992037
92321,-117.1688,34.253757
92322,-117.32235,34.251349
92323,-115.4138,35.189585
92324,-117.32209,34.066707
92325,-117.28105,34.241608
92327,-116.86812,34.863602
92328,-116.79765,36.528407
92332,-115.32094,34.958311
92333,-116.94206,34.270921
92335,-117.44915,34.089758
92336,-117.46003,34.126635
92337,-117.47013,34.044928
92338,-116.22301,34.752447
92339,-116.91655,34.084163
92341,-117.0753,34.23947
92342,-117.33885,34.747366
92344,-117.38368,34.404851
92345,-117.30251,34.421821
92346,-117.20047,34.124475
92347,-117.18135,34.928098
92352,-117.20207,34.259254
92354,-117.24909,34.051787
92356,-116.93276,34.443147
92358,-117.50063,34.250866
92359,-117.11752,34.070474
92363,-114.59741,34.810325
92364,-115.4434,35.42986
92365,-116.66812,34.875254
92368,-117.33694,34.641441
92371,-117.53908,34.446307
92372,-117.62821,34.440924
92373,-117.18607,34.041642
92374,-117.16544,34.065862
92376,-117.37558,34.107012
92377,-117.40251,34.151988
92378,-117.22774,34.228596
92382,-117.11278,34.209656
92384,-116.25923,35.981279
92385,-117.18163,34.23682
92386,-116.82958,34.243329
92389,-116.21007,35.85271
92391,-117.23069,34.240462
92392,-117.37614,34.486308
92394,-117.34468,34.536754
92395,-117.29828,34.498812
92397,-117.62801,34.357664
92398,-116.84059,34.910825
92399,-117.04792,34.0293
92401,-117.28962,34.111085
92404,-117.2618,34.142078
92405,-117.29674,34.14029
92407,-117.3337,34.173195
92408,-117.27205,34.080914
92410,-117.2963,34.107658
92411,-117.31842,34.121844
92501,-117.36932,33.995403
92503,-117.46047,33.914053
92504,-117.41105,33.929097
92505,-117.48641,33.919325
92506,-117.37255,33.943465
92507,-117.33792,33.975967
92508,-117.32047,33.89349
92509,-117.44731,33.997961
92518,-117.27078,33.887941
92530,-117.36041,33.667182
92532,-117.28986,33.682026
92536,-116.82916,33.487797
92539,-116.67053,33.540456
92543,-116.97367,33.74121
92544,-116.92289,33.737137
92545,-117.01446,33.741069
92548,-117.11387,33.747619
92549,-116.72346,33.74569
92551,-117.22215,33.888486
92553,-117.24081,33.923381
92555,-117.18743,33.91464
92557,-117.24883,33.955614
92561,-116.55296,33.613567
92562,-117.21559,33.576413
92563,-117.14897,33.565291
92567,-117.12968,33.806245
92570,-117.27881,33.796725
92571,-117.20994,33.816863
92582,-116.99515,33.787635
92583,-116.95235,33.783595
92584,-117.17144,33.669875
92585,-117.17002,33.733331
92586,-117.19803,33.705076
92587,-117.25279,33.690681
92590,-117.19378,33.485921
92591,-117.13247,33.526068
92592,-117.09162,33.488929
92595,-117.25975,33.613352
92596,-117.10106,33.6143
92602,-117.77492,33.729945
92603,-117.79918,33.639595
92604,-117.7878,33.68806
92606,-117.8056,33.696257
92610,-117.66068,33.686834
92612,-117.82927,33.661028
92614,-117.81734,33.675315
92617,-117.83494,33.644351
92618,-117.76473,33.669279
92620,-117.75999,33.709564
92624,-117.66438,33.459717
92625,-117.86737,33.600768
92626,-117.90905,33.678273
92627,-117.91909,33.647685
92629,-117.70114,33.47779
92630,-117.68814,33.639793
92637,-117.72469,33.608609
92646,-117.96859,33.668515
92647,-118.00377,33.72112
92648,-118.00156,33.67616
92649,-118.04469,33.719833
92651,-117.76903,33.538167
92653,-117.70186,33.594544
92655,-117.98476,33.744922
92656,-117.72817,33.579007
92657,-117.82972,33.60051
92660,-117.8752,33.632026
92661,-117.90148,33.602458
92662,-117.89329,33.606537
92663,-117.9281,33.622522
92672,-117.61281,33.427369
92673,-117.61391,33.464777
92675,-117.66167,33.502727
92676,-117.61525,33.730282
92677,-117.70118,33.53016
92678,-117.58565,33.670353
92679,-117.5899,33.628491
92683,-117.9911,33.75321
92688,-117.60652,33.633563
92691,-117.66596,33.613677
92692,-117.64345,33.610328
92694,-117.63998,33.552742
92701,-117.86149,33.746477
92703,-117.90267,33.747242
92704,-117.90575,33.726124
92705,-117.82056,33.762545
92706,-117.88265,33.764165
92707,-117.87164,33.717516
92708,-117.95225,33.710945
92780,-117.82261,33.73636
92782,-117.78779,33.735336
92801,-117.95552,33.842407
92802,-117.92356,33.80653
92804,-117.97769,33.818485
92805,-117.90712,33.835425
92806,-117.87698,33.837341
92807,-117.78918,33.850826
92808,-117.74067,33.856948
92821,-117.89555,33.924279
92823,-117.83486,33.922768
92831,-117.89079,33.881479
92832,-117.92907,33.866238
92833,-117.96262,33.874623
92835,-117.90854,33.901986
92840,-117.93039,33.785618
92841,-117.97563,33.786381
92843,-117.93063,33.76376
92844,-117.97106,33.765952
92845,-118.02705,33.783488
92860,-117.55489,33.924907
92861,-117.81093,33.817048
92865,-117.84574,33.830645
92866,-117.84496,33.784136
92867,-117.82613,33.811044
92868,-117.87721,33.786442
92869,-117.79967,33.790988
92870,-117.85732,33.878891
92879,-117.53652,33.882589
92880,-117.58501,33.944226
92881,-117.54832,33.839389
92882,-117.59369,33.864735
92883,-117.4853,33.771263
92886,-117.80443,33.89039
92887,-117.74058,33.880433
93001,-119.28778,34.292477
93003,-119.22205,34.269921
93004,-119.16939,34.278679
93010,-119.04955,34.231347
93012,-118.99313,34.222623
93013,-119.5196,34.402424
93015,-118.91544,34.401276
93021,-118.87906,34.279641
93022,-119.30087,34.402017
93023,-119.25984,34.445006
93030,-119.1757,34.206185
93033,-119.17267,34.168265
93035,-119.21619,34.183908
93036,-119.1759,34.229669
93040,-118.79129,34.414399
93041,-119.18959,34.159633
93042,-119.53202,33.273114
93043,-119.20442,34.17206
93060,-119.07316,34.354445
93063,-118.69838,34.279445
93064,-118.70015,34.248274
93065,-118.76984,34.264697
93066,-119.00821,34.278287
93067,-119.59769,34.422327
93101,-119.71003,34.419503
93103,-119.68203,34.428254
93105,-119.73583,34.442065
93108,-119.63601,34.435007
93109,-119.71967,34.403449
93110,-119.76618,34.442389
93111,-119.80336,34.442113
93117,-119.86411,34.427757
93201,-119.48732,35.886772
93202,-119.70784,36.312941
93203,-118.83461,35.200729
93204,-120.12636,35.990766
93205,-118.47736,35.583426
93206,-119.46865,35.409278
93207,-118.64483,35.878561
93208,-118.61442,36.137019
93210,-120.32328,36.144076
93212,-119.55887,36.078344
93215,-119.25676,35.775813
93216,-119.27002,35.775646
93218,-119.04586,35.888482
93219,-119.27514,35.885642
93220,-118.85463,35.348864
93221,-119.13666,36.300364
93222,-119.15826,34.845322
93223,-119.20787,36.303236
93224,-119.58065,35.227908
93225,-118.99343,34.81991
93226,-118.72,35.732801
93230,-119.65061,36.33605
93234,-120.09752,36.202574
93235,-119.21922,36.385692
93238,-118.43032,35.756856
93239,-119.96615,36.012957
93240,-118.43839,35.619293
93241,-118.9143,35.25746
93242,-119.71022,36.436056
93243,-118.88566,34.836769
93244,-119.02599,36.382703
93245,-119.80819,36.296019
93247,-119.08798,36.207649
93249,-119.71549,35.619812
93250,-119.23079,35.676804
93251,-119.66179,35.38356
93252,-119.39684,35.061985
93254,-119.69032,34.944012
93255,-118.19778,35.690061
93256,-119.28914,35.964674
93257,-119.02984,36.06863
93258,-119.14707,36.054653
93260,-118.65512,35.811527
93261,-119.10863,35.799105
93262,-118.70326,36.613619
93263,-119.28095,35.49812
93265,-118.82005,36.131032
93266,-119.8281,36.18665
93267,-119.0765,36.143841
93268,-119.45465,35.149659
93270,-119.03528,35.959723
93271,-118.88652,36.435796
93272,-119.31731,36.058447
93274,-119.34021,36.204909
93276,-119.35389,35.297854
93277,-119.32379,36.309093
93280,-119.36182,35.593135
93282,-119.51852,36.133288
93283,-118.29875,35.6458
93285,-118.46826,35.709136
93286,-119.1001,36.419533
93287,-118.88096,35.708458
93291,-119.32772,36.34992
93292,-119.26012,36.33327
93301,-119.01843,35.387462
93304,-119.02295,35.338816
93305,-118.98347,35.387826
93306,-118.9319,35.386739
93307,-118.98564,35.324289
93308,-119.04476,35.42316
93309,-119.06303,35.338633
93311,-119.11561,35.321089
93312,-119.12124,35.396755
93313,-119.05512,35.28862
93314,-119.174,35.378625
93401,-120.65041,35.260984
93402,-120.8343,35.31683
93405,-120.67999,35.29404
93420,-120.57788,35.114798
93422,-120.66634,35.479252
93424,-120.72973,35.190033
93426,-120.9615,35.820714
93427,-120.19825,34.617021
93428,-121.0854,35.557786
93429,-120.5327,34.838259
93430,-120.89371,35.444896
93432,-120.48572,35.474057
93433,-120.61802,35.120242
93434,-120.57763,34.96316
93435,-121.03164,35.500961
93436,-120.46023,34.658532
93437,-120.53256,34.752243
93440,-120.27185,34.741081
93441,-120.11052,34.670423
93442,-120.84924,35.379698
93444,-120.49633,35.031956
93445,-120.60921,35.101895
93446,-120.67488,35.630843
93447,-120.6414,35.664733
93449,-120.64995,35.149384
93450,-120.90147,36.026275
93451,-120.65779,35.764152
93452,-121.15315,35.62314
93453,-120.45517,35.373041
93454,-120.41913,34.955213
93455,-120.43012,34.884324
93458,-120.44604,34.955187
93460,-120.0783,34.626723
93461,-120.36655,35.651671
93463,-120.13314,34.60339
93465,-120.70192,35.547801
93501,-118.17721,35.033175
93505,-117.94642,35.130323
93510,-118.19098,34.487505
93512,-118.50156,37.80877
93513,-118.28709,37.169391
93514,-118.42594,37.377582
93516,-117.66445,35.003655
93517,-119.23249,38.254281
93518,-118.46272,35.393574
93519,-117.9728,35.291586
93522,-117.59157,36.27073
93523,-117.9006,34.959004
93524,-117.90746,34.923809
93526,-118.20786,36.818881
93527,-117.83218,35.683239
93528,-117.63695,35.37083
93529,-119.09203,37.771075
93530,-117.87712,36.489551
93531,-118.60309,35.236267
93532,-118.43057,34.670011
93534,-118.15058,34.69259
93535,-118.07267,34.685056
93536,-118.21634,34.676875
93541,-119.12882,37.996808
93543,-117.95806,34.546738
93544,-117.79848,34.488987
93545,-118.06187,36.595786
93546,-118.94417,37.63087
93549,-118.00172,36.269956
93550,-118.09178,34.567847
93551,-118.18578,34.603611
93552,-118.03539,34.563164
93553,-117.90293,34.486838
93554,-117.66047,35.371638
93555,-117.6812,35.623985
93558,-117.62036,35.355622
93560,-118.19079,34.860915
93561,-118.52517,35.128159
93562,-117.37624,35.774483
93563,-117.73786,34.389054
93591,-117.84087,34.598764
93592,-117.36845,35.86789
93601,-119.72544,37.382357
93602,-119.46248,37.07171
93603,-118.99178,36.636846
93604,-119.553,37.3421
93605,-119.24858,37.203166
93606,-120.01899,36.804508
93608,-120.3488,36.503908
93609,-119.84265,36.537221
93610,-120.23222,37.103635
93611,-119.67955,36.821439
93612,-119.71263,36.812703
93614,-119.73398,37.214215
93615,-119.2858,36.519833
93616,-119.59477,36.656739
93618,-119.39405,36.537913
93619,-119.65581,36.857185
93620,-120.62998,36.994283
93621,-119.12384,36.750124
93622,-120.47572,36.855602
93623,-119.64041,37.477796
93624,-120.15444,36.385539
93625,-119.677,36.628547
93626,-119.6856,37.000831
93627,-120.08043,36.539117
93628,-118.92305,36.775794
93630,-120.07242,36.729347
93631,-119.55055,36.514401
93633,-118.95154,36.730948
93634,-119.09638,37.223121
93635,-120.84261,37.064818
93636,-119.88503,36.954022
93637,-120.08151,36.949192
93638,-120.05361,36.982077
93640,-120.38578,36.756438
93641,-119.04807,36.688524
93643,-119.51686,37.226196
93644,-119.64206,37.338546
93645,-119.64646,37.163843
93646,-119.31836,36.623303
93647,-119.28494,36.545883
93648,-119.53874,36.610933
93650,-119.80027,36.840077
93651,-119.5148,37.004948
93652,-119.90455,36.59973
93653,-119.88045,37.238288
93654,-119.44085,36.601875
93656,-119.87805,36.436067
93657,-119.54927,36.720617
93660,-120.18749,36.605113
93662,-119.61939,36.571907
93664,-119.31207,37.089216
93665,-120.65323,36.963978
93666,-119.33857,36.546556
93667,-119.39902,36.988641
93668,-120.25454,36.646075
93669,-119.53865,37.265717
93673,-119.48445,36.454746
93675,-119.18785,36.703721
93701,-119.78743,36.749108
93702,-119.75384,36.738936
93703,-119.76064,36.768708
93704,-119.8012,36.797203
93705,-119.82875,36.786752
93706,-119.81789,36.702894
93710,-119.7646,36.822784
93711,-119.83431,36.830073
93720,-119.75547,36.859788
93721,-119.78479,36.737946
93722,-119.87443,36.801191
93723,-119.92282,36.797671
93725,-119.73968,36.688312
93726,-119.76173,36.79443
93727,-119.70214,36.748787
93728,-119.81359,36.758179
93730,-119.75664,36.888673
93901,-121.6603,36.668412
93905,-121.6152,36.683033
93906,-121.64105,36.710402
93907,-121.66635,36.756865
93908,-121.66904,36.5955
93920,-121.68491,36.165981
93921,-121.92114,36.554833
93923,-121.88273,36.534308
93924,-121.72213,36.477102
93925,-121.49799,36.573464
93926,-121.44062,36.512753
93927,-121.24925,36.319788
93928,-121.22963,36.003596
93930,-121.13412,36.204705
93932,-121.08587,35.962045
93933,-121.78994,36.679267
93940,-121.88306,36.595063
93943,-121.87304,36.597445
93950,-121.92344,36.616189
93953,-121.94262,36.590088
93954,-121.00909,36.1313
93955,-121.83252,36.615324
93960,-121.34556,36.446636
93962,-121.64666,36.624567
94002,-122.29373,37.517099
94005,-122.40459,37.684067
94010,-122.36389,37.576228
94014,-122.45282,37.699134
94015,-122.47906,37.679141
94019,-122.44388,37.47373
94020,-122.25125,37.307814
94021,-122.29311,37.275057
94022,-122.12414,37.38179
94024,-122.08708,37.354554
94025,-122.18063,37.454232
94027,-122.20137,37.456498
94028,-122.20952,37.379143
94030,-122.40255,37.599902
94037,-122.50757,37.541155
94038,-122.50743,37.521579
94040,-122.08989,37.387051
94041,-122.07928,37.389538
94043,-122.07832,37.403802
94044,-122.48333,37.621254
94060,-122.35929,37.238432
94061,-122.23131,37.465892
94062,-122.25651,37.461679
94063,-122.21111,37.482008
94065,-122.244,37.53704
94066,-122.42808,37.624788
94070,-122.26821,37.496833
94074,-122.35025,37.32338
94080,-122.43519,37.654723
94085,-122.0186,37.389679
94086,-122.02692,37.37119
94087,-122.03533,37.351073
94089,-122.00436,37.399473
94102,-122.41741,37.780926
94103,-122.41405,37.773747
94104,-122.40332,37.791007
94105,-122.39394,37.787796
94107,-122.39622,37.770025
94108,-122.40905,37.792855
94109,-122.41997,37.791055
94110,-122.41623,37.751146
94111,-122.40109,37.798132
94112,-122.44212,37.719681
94114,-122.43471,37.75822
94115,-122.43667,37.785202
94116,-122.48756,37.744085
94117,-122.44295,37.771141
94118,-122.4622,37.781186
94121,-122.4907,37.778526
94122,-122.48476,37.759256
94123,-122.43638,37.800252
94124,-122.3911,37.730083
94127,-122.45812,37.735643
94128,-122.38802,37.638543
94129,-122.46769,37.794709
94130,-122.37327,37.825346
94131,-122.43888,37.743775
94132,-122.4768,37.72058
94133,-122.41037,37.800187
94134,-122.41074,37.719117
94158,-122.39361,37.772172
94301,-122.15102,37.444618
94303,-122.13214,37.454767
94304,-122.17921,37.429943
94305,-122.16331,37.422912
94306,-122.12961,37.417797
94401,-122.32179,37.572202
94402,-122.32697,37.550467
94403,-122.29976,37.539539
94404,-122.26645,37.553307
94501,-122.26016,37.768633
94502,-122.24422,37.737498
94503,-122.25313,38.166915
94505,-121.60955,37.90468
94506,-121.91295,37.805202
94507,-122.01641,37.855617
94508,-122.44597,38.573567
94509,-121.81463,37.995858
94510,-122.16212,38.068971
94511,-121.63233,38.024397
94512,-121.84433,38.130437
94513,-121.71277,37.936481
94514,-121.63412,37.867407
94515,-122.58842,38.585014
94516,-122.16176,37.830694
94517,-121.92242,37.934745
94518,-122.02727,37.950914
94519,-122.01326,37.983625
94520,-122.03994,37.97504
94521,-121.97605,37.956948
94523,-122.07387,37.953379
94525,-122.21915,38.052275
94526,-121.98277,37.812379
94528,-121.95768,37.838876
94530,-122.30415,37.917048
94531,-121.77639,37.968552
94533,-122.02779,38.268681
94534,-122.10456,38.24067
94535,-121.94,38.278291
94536,-122.00043,37.56082
94538,-121.972,37.533592
94539,-121.92803,37.514819
94541,-122.09121,37.673853
94542,-122.04744,37.657346
94544,-122.06866,37.637822
94545,-122.09964,37.631824
94546,-122.0796,37.701202
94547,-122.26505,38.008457
94548,-121.66202,37.973675
94549,-122.11252,37.896079
94550,-121.76018,37.671219
94551,-121.76219,37.700917
94552,-122.03685,37.70681
94553,-122.10607,37.994181
94555,-122.04841,37.57255
94556,-122.12611,37.84216
94558,-122.30356,38.323982
94559,-122.284,38.289803
94560,-122.03268,37.535756
94561,-121.7117,37.989651
94563,-122.17483,37.879444
94564,-122.28997,37.996951
94565,-121.91453,38.016695
94566,-121.87204,37.661753
94567,-122.41085,38.678187
94568,-121.90262,37.714396
94569,-122.1854,38.046217
94571,-121.70463,38.17001
94572,-122.25921,38.028632
94573,-122.421,38.456651
94574,-122.46374,38.509007
94575,-122.11022,37.840915
94576,-122.47556,38.548931
94577,-122.16074,37.721335
94578,-122.1252,37.702651
94579,-122.15303,37.688043
94580,-122.13045,37.679243
94582,-121.91632,37.766575
94583,-121.95847,37.752431
94585,-122.0069,38.247218
94586,-121.88961,37.601129
94587,-122.04841,37.590329
94588,-121.89262,37.686694
94589,-122.2471,38.142868
94590,-122.24789,38.104945
94591,-122.21027,38.104317
94592,-122.27516,38.094394
94595,-122.07171,37.875749
94596,-122.04719,37.892094
94597,-122.06689,37.921848
94598,-122.02694,37.918711
94599,-122.36188,38.40046
94601,-122.21787,37.780342
94602,-122.21106,37.801392
94603,-122.17228,37.740801
94605,-122.16506,37.764906
94606,-122.24329,37.795437
94607,-122.28221,37.805527
94608,-122.28253,37.836234
94609,-122.26447,37.835577
94610,-122.24493,37.812517
94611,-122.22738,37.828287
94612,-122.26867,37.807754
94613,-122.18162,37.780419
94618,-122.24266,37.843585
94619,-122.19108,37.788674
94621,-122.18654,37.759024
94702,-122.2859,37.865241
94703,-122.27567,37.862905
94704,-122.25958,37.866127
94705,-122.25061,37.857475
94706,-122.29663,37.889708
94707,-122.27845,37.896233
94708,-122.26341,37.894378
94709,-122.26579,37.878131
94710,-122.29586,37.868355
94720,-122.25267,37.868568
94801,-122.3629,37.940355
94803,-122.29194,37.969943
94804,-122.33672,37.926865
94805,-122.32525,37.941617
94806,-122.33854,37.973534
94901,-122.51427,37.972945
94903,-122.54484,38.013873
94904,-122.53607,37.950306
94920,-122.47471,37.890395
94922,-122.9542,38.341567
94923,-123.04042,38.334926
94924,-122.70199,37.907771
94925,-122.51512,37.922234
94928,-122.6939,38.344971
94929,-122.96384,38.252933
94930,-122.59469,37.98865
94931,-122.70544,38.32569
94933,-122.68793,38.01426
94937,-122.87295,38.104581
94938,-122.7033,38.016366
94939,-122.53316,37.938688
94940,-122.87132,38.157022
94941,-122.53395,37.8961
94945,-122.57037,38.114886
94946,-122.68763,38.05934
94947,-122.58319,38.096468
94949,-122.53596,38.06104
94950,-122.77582,38.039734
94951,-122.66537,38.30931
94952,-122.66653,38.240707
94954,-122.61922,38.252697
94956,-122.82362,38.073801
94957,-122.56188,37.962893
94960,-122.57189,37.985522
94963,-122.67035,38.013056
94964,-122.49008,37.940426
94965,-122.49999,37.861435
94970,-122.64746,37.904269
94971,-122.90447,38.247933
94972,-122.94815,38.292913
94973,-122.63987,38.007
95002,-121.97069,37.427545
95003,-121.89092,36.97784
95004,-121.64152,36.878565
95005,-122.08427,37.084312
95006,-122.13235,37.148098
95007,-122.10675,37.105953
95008,-121.95554,37.280312
95010,-121.95414,36.977154
95012,-121.74426,36.775267
95013,-121.73883,37.213779
95014,-122.03792,37.319134
95017,-122.22184,37.060426
95018,-122.06754,37.060032
95019,-121.77828,36.935627
95020,-121.58245,37.016083
95023,-121.39035,36.846684
95030,-121.9819,37.230401
95032,-121.95818,37.24295
95033,-121.97987,37.145473
95035,-121.89535,37.435237
95037,-121.64701,37.129672
95039,-121.77653,36.827939
95041,-122.05796,37.050231
95043,-121.08594,36.58054
95045,-121.54495,36.850445
95046,-121.59929,37.090469
95050,-121.95481,37.347369
95051,-121.98515,37.346921
95053,-121.93832,37.347615
95054,-121.95365,37.396999
95060,-122.04169,36.979622
95062,-121.98904,36.972404
95064,-122.05923,36.995506
95065,-121.98411,37.003782
95066,-122.01677,37.055774
95070,-122.02017,37.272519
95073,-121.95006,37.002476
95075,-121.30562,36.785963
95076,-121.76223,36.9217
95110,-121.89072,37.329413
95111,-121.82606,37.28261
95112,-121.88211,37.34165
95113,-121.88792,37.333446
95116,-121.85138,37.350735
95117,-121.96295,37.30826
95118,-121.89055,37.255422
95119,-121.79157,37.230921
95120,-121.86211,37.216431
95121,-121.81201,37.306074
95122,-121.83536,37.328881
95123,-121.83191,37.245022
95124,-121.92171,37.256633
95125,-121.89297,37.296
95126,-121.91717,37.323353
95127,-121.82162,37.366112
95128,-121.93598,37.31483
95129,-122.00029,37.307244
95130,-121.98086,37.28853
95131,-121.884,37.386578
95132,-121.86087,37.404039
95133,-121.85719,37.373158
95134,-121.94164,37.409156
95135,-121.76123,37.300774
95136,-121.84952,37.270419
95138,-121.77398,37.261419
95139,-121.76711,37.225708
95140,-121.64714,37.361038
95148,-121.7913,37.329196
95202,-121.28946,37.960417
95203,-121.31092,37.956151
95204,-121.31731,37.973933
95205,-121.26106,37.963196
95206,-121.2918,37.921289
95207,-121.32181,38.002131
95209,-121.34482,38.039072
95210,-121.29603,38.022084
95211,-121.31177,37.98037
95212,-121.26489,38.027707
95215,-121.21195,37.96293
95219,-121.36544,38.010111
95220,-121.2261,38.197675
95221,-120.55323,38.075768
95222,-120.56386,38.072733
95223,-120.32928,38.260776
95224,-120.36512,38.208876
95225,-120.8888,38.199013
95226,-120.85634,38.222193
95227,-121.06215,38.20613
95228,-120.62486,37.932726
95230,-120.94482,37.93736
95231,-121.28454,37.877854
95232,-120.58367,38.353836
95233,-120.36844,38.187428
95234,-121.52371,37.933368
95236,-121.07613,38.018934
95237,-121.1491,38.158183
95240,-121.26158,38.122036
95242,-121.30831,38.126703
95245,-120.62381,38.301009
95246,-120.52382,38.23634
95247,-120.44406,38.145897
95248,-120.48648,38.332572
95249,-120.65771,38.194438
95250,-120.43617,38.238763
95251,-120.46271,38.096028
95252,-120.85927,38.14941
95254,-120.96178,38.194369
95255,-120.52166,38.400421
95257,-120.49296,38.37668
95258,-121.30987,38.157054
95301,-120.59801,37.350128
95303,-120.68848,37.45415
95304,-121.38119,37.72633
95305,-120.26379,37.818872
95306,-120.09412,37.429111
95307,-120.95192,37.590318
95310,-120.40255,38.042106
95311,-120.19931,37.729524
95312,-120.66178,37.420596
95313,-121.03871,37.434862
95315,-120.77998,37.425474
95316,-120.79151,37.534231
95317,-120.48817,37.13076
95318,-119.80016,37.672998
95319,-120.90221,37.637779
95320,-120.99706,37.801715
95321,-120.18082,37.845009
95322,-121.00804,37.213842
95323,-120.73676,37.618754
95324,-120.85809,37.40549
95325,-120.2412,37.496735
95326,-120.86379,37.596308
95327,-120.46904,37.921514
95328,-120.91034,37.558186
95329,-120.36554,37.668746
95330,-121.28941,37.821429
95333,-120.26556,37.239755
95334,-120.72141,37.380736
95335,-120.10567,38.114506
95336,-121.21768,37.812765
95337,-121.23139,37.784434
95338,-119.90958,37.480713
95340,-120.45934,37.316639
95341,-120.47985,37.284862
95345,-119.95357,37.565914
95346,-120.1822,38.063658
95348,-120.49715,37.328558
95350,-121.0094,37.673346
95351,-120.99859,37.62163
95354,-120.96534,37.642219
95355,-120.94959,37.672454
95356,-121.0236,37.698485
95357,-120.91451,37.6582
95358,-121.03022,37.618187
95360,-121.02248,37.317499
95361,-120.8463,37.770528
95363,-121.14391,37.474082
95364,-119.94384,38.198817
95365,-120.32072,37.291783
95366,-121.12999,37.744429
95367,-120.94281,37.726796
95368,-121.08715,37.708595
95369,-120.46687,37.519593
95370,-120.33841,37.995023
95372,-120.26198,37.993798
95374,-120.87146,37.325539
95375,-120.01504,38.194676
95376,-121.43439,37.738889
95377,-121.45285,37.723047
95379,-120.238,37.971133
95380,-120.8515,37.490737
95382,-120.85112,37.523489
95383,-120.22537,38.042076
95385,-121.26474,37.621498
95386,-120.75792,37.643229
95387,-121.21915,37.548869
95388,-120.61398,37.391444
95389,-119.59465,37.715907
95391,-121.54729,37.774469
95401,-122.74989,38.442977
95403,-122.74932,38.477565
95404,-122.69636,38.447237
95405,-122.67185,38.438855
95407,-122.73199,38.412248
95409,-122.64626,38.462333
95410,-123.72267,39.214783
95412,-123.35546,38.705213
95415,-123.38465,39.024626
95417,-123.61025,39.683803
95419,-122.95933,38.424434
95420,-123.80335,39.366065
95421,-123.13068,38.530703
95422,-122.63401,38.954698
95423,-122.64971,39.033797
95424,-122.6642,38.971481
95425,-123.01981,38.800432
95426,-122.7228,38.834146
95427,-123.58751,39.262
95428,-123.24231,39.806379
95429,-123.33035,39.726495
95430,-123.04719,38.461425
95431,-122.51819,38.347418
95432,-123.67252,39.134952
95435,-122.87416,39.003639
95436,-122.90449,38.488646
95437,-123.7884,39.43649
95439,-122.77611,38.491017
95441,-122.89868,38.706752
95442,-122.52336,38.364049
95443,-122.73439,39.030582
95444,-122.86743,38.433958
95445,-123.55175,38.801462
95446,-122.99724,38.50504
95448,-122.86556,38.619404
95449,-123.10325,38.970639
95450,-123.1915,38.498966
95451,-122.78568,38.965073
95452,-122.55488,38.414654
95453,-122.91435,39.055485
95454,-123.50123,39.712138
95456,-123.74662,39.261291
95457,-122.60112,38.899258
95458,-122.78832,39.084378
95459,-123.67073,38.979804
95460,-123.78236,39.315267
95461,-122.64336,38.777962
95462,-123.01511,38.46841
95463,-123.58048,39.188892
95464,-122.85163,39.126502
95465,-122.97716,38.404196
95466,-123.48729,39.098655
95467,-122.55445,38.805383
95468,-123.66554,38.910334
95469,-123.10248,39.328424
95470,-123.20842,39.275355
95471,-122.97667,38.524593
95472,-122.84078,38.394415
95476,-122.47523,38.297695
95480,-123.39908,38.655239
95481,-123.16296,39.131141
95482,-123.20298,39.150963
95485,-122.91462,39.166655
95486,-123.02446,38.47394
95488,-123.75696,39.657964
95490,-123.36018,39.420082
95492,-122.80859,38.545188
95493,-122.96611,39.185367
95494,-123.31259,38.926477
95497,-123.4636,38.721117
95501,-124.15766,40.792512
95502,-124.08053,40.814595
95503,-124.16107,40.761317
95511,-123.62586,40.162313
95514,-123.67885,40.305845
95519,-124.09279,40.946362
95521,-124.083,40.876867
95524,-124.05844,40.828309
95525,-123.96617,40.890562
95526,-123.66881,40.470329
95527,-123.49644,40.844786
95528,-123.98125,40.50677
95531,-124.17674,41.791667
95536,-124.24832,40.574695
95537,-124.21701,40.725226
95540,-124.14183,40.583363
95542,-123.80342,40.091041
95543,-123.95453,41.851845
95545,-124.08282,40.258524
95546,-123.69051,41.085799
95547,-124.09005,40.549057
95548,-124.03397,41.541889
95549,-124.00537,40.766138
95550,-123.89836,40.823407
95551,-124.22027,40.652584
95552,-123.44065,40.372884
95553,-123.85206,40.229238
95554,-123.83384,40.284566
95555,-124.06317,41.290343
95556,-123.54425,41.30754
95558,-124.25937,40.305236
95559,-123.77681,40.205486
95560,-123.83058,40.128308
95562,-124.10549,40.499807
95563,-123.56473,40.894788
95564,-124.19412,40.803897
95565,-124.0845,40.474513
95567,-124.16803,41.937608
95568,-123.49023,41.448803
95569,-123.93396,40.386053
95570,-124.12466,41.066825
95571,-123.92162,40.323455
95573,-123.63137,40.946836
95585,-123.6907,39.852165
95587,-123.77899,39.964352
95589,-124.00167,40.061245
95595,-123.45375,40.159888
95601,-120.8267,38.421653
95602,-121.08816,38.987491
95603,-121.08073,38.911717
95604,-120.07112,39.2402
95605,-121.5269,38.592797
95606,-122.17002,38.766796
95607,-122.11251,38.759138
95608,-121.33047,38.629521
95610,-121.27152,38.69339
95612,-121.5563,38.399888
95613,-120.88541,38.797157
95614,-120.97716,38.898004
95615,-121.55605,38.318673
95616,-121.76054,38.554152
95618,-121.71223,38.551782
95619,-120.81785,38.685937
95620,-121.82912,38.44681
95621,-121.30828,38.695607
95623,-120.85185,38.637167
95624,-121.36437,38.424584
95625,-121.91018,38.35321
95626,-121.43822,38.719576
95627,-122.02309,38.694863
95628,-121.26127,38.655431
95629,-120.71329,38.511672
95630,-121.14695,38.673961
95631,-120.8668,39.001734
95632,-121.29808,38.267022
95633,-120.84874,38.840659
95634,-120.81208,38.915908
95635,-120.90387,38.913035
95636,-120.53373,38.634448
95637,-122.2064,38.833076
95638,-121.18611,38.306556
95639,-121.51558,38.369922
95640,-120.94644,38.341062
95641,-121.60353,38.151966
95642,-120.75396,38.358482
95645,-121.72571,38.828173
95646,-120.07035,38.692368
95648,-121.29191,38.88179
95650,-121.17343,38.816355
95651,-120.91821,38.80399
95652,-121.38664,38.670843
95653,-121.97131,38.680618
95655,-121.2805,38.546762
95658,-121.14681,38.875591
95659,-121.56672,38.886244
95660,-121.374,38.679453
95661,-121.25047,38.73857
95662,-121.22424,38.682755
95663,-121.17701,38.85293
95664,-121.02797,38.822257
95665,-120.65277,38.403069
95666,-120.5493,38.452215
95667,-120.8024,38.724531
95668,-121.49163,38.819481
95669,-120.87509,38.474981
95670,-121.2866,38.599936
95672,-120.99219,38.711186
95673,-121.44647,38.689506
95674,-121.50393,38.958095
95675,-120.74331,38.545619
95676,-121.71122,38.88156
95677,-121.23767,38.788079
95678,-121.28965,38.761368
95679,-122.27502,38.886011
95680,-121.5745,38.238747
95681,-121.3617,38.989709
95682,-120.975,38.66753
95683,-121.09124,38.500563
95684,-120.66991,38.602112
95685,-120.7763,38.404215
95686,-121.43441,38.225188
95687,-121.96045,38.341306
95688,-121.98625,38.380032
95689,-120.60838,38.480097
95690,-121.54964,38.242283
95691,-121.54721,38.555718
95692,-121.41585,39.022668
95693,-121.22163,38.403379
95694,-121.97277,38.525022
95695,-121.79112,38.675633
95697,-121.80916,38.733108
95698,-121.903,38.816088
95699,-120.85209,38.438873
95701,-120.7975,39.210656
95703,-120.9979,38.995079
95709,-120.66948,38.74478
95713,-120.95974,39.077542
95714,-120.83254,39.202419
95715,-120.67687,39.286759
95717,-120.85723,39.165482
95720,-120.28857,38.777377
95721,-120.08657,38.818937
95722,-121.02859,39.003953
95724,-120.33875,39.311447
95726,-120.58713,38.744826
95728,-120.39405,39.312162
95735,-120.14273,38.798987
95736,-120.97866,39.038038
95742,-121.23177,38.549191
95746,-121.18937,38.741344
95747,-121.33961,38.771703
95757,-121.43922,38.389431
95758,-121.43642,38.424144
95762,-121.06648,38.683599
95765,-121.26748,38.814129
95776,-121.74636,38.666802
95811,-121.48633,38.578279
95814,-121.49367,38.580332
95815,-121.4441,38.613493
95816,-121.46859,38.572643
95817,-121.45789,38.549657
95818,-121.49374,38.555998
95819,-121.43979,38.569376
95820,-121.44619,38.534442
95821,-121.38538,38.623558
95822,-121.4931,38.508426
95823,-121.44282,38.476487
95824,-121.4418,38.517783
95825,-121.40676,38.589858
95826,-121.37236,38.553479
95827,-121.32965,38.565947
95828,-121.40092,38.480429
95829,-121.34428,38.465893
95830,-121.28262,38.475565
95831,-121.52997,38.495718
95832,-121.48618,38.476083
95833,-121.50086,38.616577
95834,-121.51523,38.638716
95835,-121.51578,38.670974
95836,-121.54983,38.707236
95837,-121.60876,38.701651
95838,-121.44633,38.641702
95841,-121.34333,38.662794
95842,-121.35219,38.686331
95843,-121.36479,38.716228
95864,-121.37747,38.587181
95901,-121.54675,39.16091
95903,-121.35149,39.103921
95910,-120.8429,39.46876
95912,-122.05655,39.003224
95913,-122.20318,39.630469
95914,-121.35973,39.416544
95915,-121.25779,39.981052
95916,-121.39458,39.636081
95917,-121.69701,39.412472
95918,-121.36097,39.278975
95919,-121.26656,39.446106
95920,-121.96528,39.458769
95922,-121.07209,39.445918
95923,-121.12206,40.188171
95925,-121.21388,39.477211
95926,-121.84809,39.74316
95928,-121.8134,39.727855
95930,-121.16371,39.545506
95932,-122.00991,39.208902
95934,-120.93113,40.088897
95935,-121.20996,39.379247
95936,-120.82982,39.565951
95937,-121.97951,38.888004
95938,-121.79169,39.644231
95939,-122.57473,39.623899
95941,-121.24209,39.520359
95942,-121.66591,39.889216
95943,-122.02779,39.58886
95944,-120.88919,39.539938
95945,-121.03719,39.209924
95946,-121.19687,39.22164
95947,-120.92035,40.144155
95948,-121.69418,39.358347
95949,-121.07496,39.124023
95950,-121.89789,39.066904
95951,-122.01101,39.741568
95953,-121.66893,39.268564
95954,-121.60063,39.830463
95955,-122.19898,39.283026
95956,-121.06736,39.935379
95957,-121.8879,39.124176
95959,-121.01617,39.275477
95960,-121.09724,39.367304
95961,-121.55699,39.070987
95962,-121.25796,39.347723
95963,-122.18828,39.748294
95965,-121.57973,39.533018
95966,-121.50607,39.489415
95968,-121.54694,39.434933
95969,-121.60367,39.758594
95970,-122.02329,39.41498
95971,-120.91717,39.938036
95972,-121.32446,39.438543
95973,-121.85906,39.777301
95974,-121.85013,39.472252
95975,-121.15343,39.226404
95977,-121.27795,39.194496
95978,-121.5307,39.903146
95979,-122.53728,39.333079
95981,-121.07393,39.598089
95982,-121.75342,39.163067
95983,-120.82893,40.073372
95984,-121.07269,40.023291
95986,-120.79667,39.35856
95987,-122.15625,39.150094
95988,-122.2004,39.525592
95991,-121.62155,39.124573
95993,-121.65478,39.129953
96001,-122.40589,40.559444
96002,-122.33592,40.548976
96003,-122.34871,40.618217
96006,-120.93756,41.193705
96007,-122.32706,40.458297
96008,-122.17251,40.673231
96009,-121.10533,41.110288
96010,-123.26162,40.808029
96011,-121.90791,41.020182
96013,-121.65663,40.892976
96014,-122.8048,41.334409
96015,-120.86414,41.448611
96016,-121.56158,40.93076
96017,-122.311,41.131065
96019,-122.3699,40.675975
96020,-121.22771,40.29649
96021,-122.20222,39.934084
96022,-122.30655,40.362726
96023,-121.92923,41.964626
96024,-122.9209,40.641839
96025,-122.27489,41.210244
96027,-122.90095,41.470229
96028,-121.47514,41.033083
96029,-122.46113,39.924186
96031,-123.22346,41.220436
96032,-122.8778,41.611786
96033,-122.63095,40.712235
96034,-122.55039,41.515373
96035,-122.16934,40.045588
96037,-122.92422,41.546987
96038,-122.53199,41.629445
96039,-123.38372,41.805524
96040,-121.49824,40.80786
96041,-123.1705,40.54041
96044,-122.52279,41.899783
96046,-123.46208,40.624609
96047,-122.59029,40.470674
96048,-123.06522,40.745454
96049,-123.37766,41.78036
96050,-122.89542,41.844661
96051,-122.37287,40.883048
96052,-122.81557,40.714572
96054,-121.16011,41.233786
96055,-122.09941,40.047789
96056,-121.33816,41.059908
96057,-122.12876,41.254543
96058,-121.96588,41.801401
96059,-121.84398,40.431839
96061,-121.38963,40.270212
96062,-122.16243,40.549596
96063,-121.60194,40.350961
96064,-122.46161,41.71611
96065,-121.90827,40.875955
96067,-122.32409,41.317764
96068,-121.19622,41.107076
96069,-122.00991,40.698195
96071,-121.45152,40.660067
96073,-122.23543,40.564938
96074,-122.58357,39.857146
96075,-121.84516,40.343044
96076,-122.9517,40.365464
96080,-122.2423,40.177719
96084,-121.93978,40.802237
96085,-123.03928,41.738871
96086,-123.2092,41.857318
96087,-122.49898,40.606701
96088,-121.87887,40.509427
96090,-122.12365,40.024073
96091,-122.72356,41.004305
96092,-122.03799,39.935628
96093,-122.93265,40.735503
96094,-122.38303,41.453155
96096,-121.91593,40.63013
96097,-122.63789,41.720765
96101,-120.55873,41.484678
96103,-120.63429,39.787817
96104,-120.1653,41.528671
96105,-120.118,39.795583
96106,-120.55897,39.741162
96107,-119.49301,38.547651
96108,-120.38375,41.730812
96109,-120.12036,40.086551
96110,-120.09737,41.31442
96111,-120.01488,39.460882
96112,-120.15084,41.859354
96113,-120.1581,40.140553
96114,-120.51141,40.292278
96115,-120.20088,41.654293
96116,-120.49071,41.257425
96117,-120.38488,40.411337
96118,-120.23991,39.662514
96119,-120.5338,41.012095
96120,-119.80016,38.765393
96121,-120.39242,40.17979
96122,-120.47191,39.812457
96123,-120.2754,40.801661
96124,-120.43825,39.655858
96125,-120.63108,39.571418
96126,-120.3706,39.579177
96128,-120.42977,40.354706
96129,-120.34949,39.80522
96130,-120.59787,40.410937
96132,-120.44035,40.881443
96133,-119.5075,38.638387
96134,-121.43807,41.928646
96135,-120.17149,39.801314
96136,-120.19313,40.32467
96137,-121.05557,40.287705
96140,-120.08945,39.219957
96141,-120.16078,39.087651
96142,-120.13155,39.05593
96143,-120.02443,39.240411
96145,-120.13714,39.1702
96146,-120.22445,39.196876
96148,-120.05644,39.246781
96150,-119.98651,38.914936
96155,-120.09032,38.782748
96161,-120.1778,39.338939
97635,-120.30246,41.967055
